PS,GeneID,gamete
7,dis_TRINITY_DN100_c0_g1,147.591006
1,dis_TRINITY_DN10021_c0_g3,194.920286
7,dis_TRINITY_DN10021_c0_g5,133.532593
1,dis_TRINITY_DN10032_c0_g1,429.43529
2,dis_TRINITY_DN1004_c0_g2,131.650332
1,dis_TRINITY_DN10045_c0_g1,941.569046
1,dis_TRINITY_DN10051_c0_g1,237.006158
3,dis_TRINITY_DN10059_c0_g1,150.016126
7,dis_TRINITY_DN10059_c0_g2,134.230511
1,dis_TRINITY_DN10061_c0_g1,126.537316
1,dis_TRINITY_DN10067_c0_g2,132.051555
1,dis_TRINITY_DN10080_c0_g1,126
1,dis_TRINITY_DN10087_c0_g1,1002.941193
2,dis_TRINITY_DN101_c0_g1,138.175084
1,dis_TRINITY_DN10172_c0_g1,242.506224
1,dis_TRINITY_DN102_c0_g1,392.859386
1,dis_TRINITY_DN1020_c0_g1,250.899427
8,dis_TRINITY_DN10208_c0_g1,136.470038
3,dis_TRINITY_DN10219_c0_g1,288.60321
1,dis_TRINITY_DN10236_c0_g1,126
7,dis_TRINITY_DN10242_c0_g1,151.445227
1,dis_TRINITY_DN10249_c1_g1,151.517428
8,dis_TRINITY_DN10280_c0_g4,144.695285
8,dis_TRINITY_DN10304_c0_g1,155.579092
7,dis_TRINITY_DN10305_c0_g5,146.457588
8,dis_TRINITY_DN10336_c0_g1,266.59481800000003
1,dis_TRINITY_DN1035_c0_g1,148.847621
8,dis_TRINITY_DN10357_c0_g1,209.915501
1,dis_TRINITY_DN10359_c1_g4,148.25144
1,dis_TRINITY_DN1036_c0_g4,157.724662
1,dis_TRINITY_DN10366_c0_g1,153.01852
8,dis_TRINITY_DN10368_c0_g1,132.201899
8,dis_TRINITY_DN10403_c0_g2,221.091855
7,dis_TRINITY_DN10406_c0_g1,168.03085099999998
1,dis_TRINITY_DN10438_c0_g1,126.295719
7,dis_TRINITY_DN1044_c0_g1,189.020065
8,dis_TRINITY_DN10442_c0_g1,142.982244
8,dis_TRINITY_DN10445_c0_g1,175.392794
1,dis_TRINITY_DN10446_c0_g1,270.31124
1,dis_TRINITY_DN10454_c0_g2,133.13168
1,dis_TRINITY_DN10464_c0_g1,128.215384
1,dis_TRINITY_DN10468_c0_g1,315.432754
1,dis_TRINITY_DN10471_c0_g1,137.161367
8,dis_TRINITY_DN10472_c0_g1,524.990049
1,dis_TRINITY_DN10481_c0_g1,142.87403799999998
8,dis_TRINITY_DN10483_c0_g3,476.394788
1,dis_TRINITY_DN10492_c0_g1,147.836565
7,dis_TRINITY_DN10495_c0_g2,126
1,dis_TRINITY_DN105_c0_g1,134.479328
8,dis_TRINITY_DN10505_c0_g1,127.055099
1,dis_TRINITY_DN10542_c0_g1,126
4,dis_TRINITY_DN10558_c0_g2,1770.200559
8,dis_TRINITY_DN1056_c0_g1,155.381414
7,dis_TRINITY_DN10601_c0_g4,148.592965
1,dis_TRINITY_DN10610_c0_g1,137.122362
1,dis_TRINITY_DN1062_c0_g2,140.026461
1,dis_TRINITY_DN1066_c0_g4,549.592431
1,dis_TRINITY_DN1073_c0_g4,130.196542
8,dis_TRINITY_DN1075_c0_g1,427.678205
1,dis_TRINITY_DN1080_c1_g1,132.546749
1,dis_TRINITY_DN10808_c0_g1,165.643335
1,dis_TRINITY_DN10814_c0_g1,304.81352200000003
8,dis_TRINITY_DN10818_c0_g1,225.027744
7,dis_TRINITY_DN1082_c1_g3,126
2,dis_TRINITY_DN10821_c0_g1,207.169666
1,dis_TRINITY_DN10828_c0_g1,151.907542
1,dis_TRINITY_DN10828_c0_g2,173.18308
1,dis_TRINITY_DN1083_c0_g1,128.610858
1,dis_TRINITY_DN10834_c0_g1,130.869587
2,dis_TRINITY_DN10835_c0_g2,357.558008
1,dis_TRINITY_DN10837_c0_g1,921.43875
5,dis_TRINITY_DN10839_c0_g1,143.19459799999998
1,dis_TRINITY_DN10843_c0_g1,150.475985
1,dis_TRINITY_DN10872_c0_g1,165.409722
8,dis_TRINITY_DN10874_c0_g1,136.333273
1,dis_TRINITY_DN10880_c0_g1,182.39544
1,dis_TRINITY_DN10891_c0_g1,237.678601
8,dis_TRINITY_DN10891_c0_g2,127.839152
7,dis_TRINITY_DN10922_c0_g1,144.391746
1,dis_TRINITY_DN109406_c0_g1,170.444757
1,dis_TRINITY_DN1095_c0_g1,358.41316
8,dis_TRINITY_DN1096_c0_g1,146.322949
7,dis_TRINITY_DN109679_c0_g1,126
1,dis_TRINITY_DN1098_c0_g1,132.480583
8,dis_TRINITY_DN10998_c0_g1,425.463996
8,dis_TRINITY_DN11_c3_g4,196.779173
1,dis_TRINITY_DN1101_c0_g9,126.323922
5,dis_TRINITY_DN1102_c0_g1,131.030752
8,dis_TRINITY_DN11034_c0_g1,253.230237
8,dis_TRINITY_DN11064_c0_g1,139.170886
7,dis_TRINITY_DN11112_c0_g1,990.16151
1,dis_TRINITY_DN11138_c0_g2,309.406648
8,dis_TRINITY_DN11152_c0_g1,531.24713
1,dis_TRINITY_DN11162_c0_g1,128.9188
1,dis_TRINITY_DN11191_c0_g1,243.792827
1,dis_TRINITY_DN11221_c0_g1,131.50711
8,dis_TRINITY_DN11237_c0_g1,131.738812
8,dis_TRINITY_DN11250_c0_g1,529.3451210000001
1,dis_TRINITY_DN11265_c0_g1,194.737475
2,dis_TRINITY_DN11268_c0_g1,331.553217
1,dis_TRINITY_DN11269_c0_g1,139.099069
2,dis_TRINITY_DN11271_c0_g2,130.623167
8,dis_TRINITY_DN11288_c0_g2,138.434522
8,dis_TRINITY_DN1130_c0_g1,129.186309
7,dis_TRINITY_DN11307_c0_g1,147.511961
8,dis_TRINITY_DN11324_c0_g1,202.42333
8,dis_TRINITY_DN11328_c0_g1,173.735806
1,dis_TRINITY_DN11328_c0_g3,228.631856
8,dis_TRINITY_DN11349_c0_g1,133.391616
1,dis_TRINITY_DN11356_c1_g1,154.46658
7,dis_TRINITY_DN11358_c0_g1,134.906421
8,dis_TRINITY_DN11369_c0_g4,176.510334
8,dis_TRINITY_DN11373_c0_g1,130.482764
8,dis_TRINITY_DN11387_c0_g1,175.898265
1,dis_TRINITY_DN11394_c0_g1,128.155362
1,dis_TRINITY_DN11394_c0_g4,146.726765
7,dis_TRINITY_DN1141_c0_g1,152.018033
8,dis_TRINITY_DN1142_c0_g1,266.180116
1,dis_TRINITY_DN1143_c0_g1,144.053087
7,dis_TRINITY_DN11430_c0_g1,144.591895
1,dis_TRINITY_DN11470_c0_g1,140.600251
2,dis_TRINITY_DN11473_c0_g1,339.793006
8,dis_TRINITY_DN11497_c0_g1,141.575514
7,dis_TRINITY_DN11498_c0_g1,128.754477
1,dis_TRINITY_DN115_c0_g1,387.409916
7,dis_TRINITY_DN115_c0_g5,137.45215
8,dis_TRINITY_DN11502_c0_g1,157.24877800000002
1,dis_TRINITY_DN11507_c0_g1,216.181786
8,dis_TRINITY_DN11516_c0_g2,163.451289
2,dis_TRINITY_DN11516_c0_g3,139.055645
8,dis_TRINITY_DN11517_c0_g2,153.422479
8,dis_TRINITY_DN11519_c0_g1,140.603645
8,dis_TRINITY_DN11526_c0_g1,139.591669
8,dis_TRINITY_DN11537_c0_g5,126
8,dis_TRINITY_DN1155_c0_g2,138.526374
7,dis_TRINITY_DN11567_c0_g1,126
1,dis_TRINITY_DN1157_c0_g1,447.231019
2,dis_TRINITY_DN11571_c0_g1,223.117979
7,dis_TRINITY_DN11577_c1_g1,130.00316
8,dis_TRINITY_DN11590_c0_g1,188.910473
1,dis_TRINITY_DN11596_c1_g1,200.386485
1,dis_TRINITY_DN11598_c0_g1,431.755452
8,dis_TRINITY_DN11610_c0_g1,133.235857
1,dis_TRINITY_DN11619_c0_g4,224.059251
8,dis_TRINITY_DN11637_c0_g2,126.763601
8,dis_TRINITY_DN11647_c0_g3,157.306894
2,dis_TRINITY_DN11666_c0_g3,148.746493
1,dis_TRINITY_DN1167_c0_g3,132.79628400000001
1,dis_TRINITY_DN1171_c0_g1,135.827203
1,dis_TRINITY_DN1172_c0_g2,140.525493
1,dis_TRINITY_DN11726_c0_g2,135.233547
1,dis_TRINITY_DN11747_c0_g1,805.716824
8,dis_TRINITY_DN11754_c0_g1,135.139458
1,dis_TRINITY_DN11777_c0_g1,777.111627
8,dis_TRINITY_DN11820_c0_g3,158.479003
7,dis_TRINITY_DN1184_c0_g1,127.189058
1,dis_TRINITY_DN11868_c0_g1,128.038096
1,dis_TRINITY_DN11889_c0_g1,130.779974
1,dis_TRINITY_DN1189_c0_g1,135.27625
1,dis_TRINITY_DN1190_c1_g1,146.166911
8,dis_TRINITY_DN11911_c0_g1,143.506398
7,dis_TRINITY_DN11917_c0_g1,206.901383
8,dis_TRINITY_DN1192_c0_g1,127.171566
8,dis_TRINITY_DN11943_c0_g3,276.17440899999997
8,dis_TRINITY_DN11971_c0_g5,491.153435
1,dis_TRINITY_DN12_c0_g2,138.449754
7,dis_TRINITY_DN12008_c0_g1,686.509259
8,dis_TRINITY_DN1201_c0_g1,135.3503
1,dis_TRINITY_DN12016_c0_g1,347.547501
8,dis_TRINITY_DN12045_c0_g6,147.798866
2,dis_TRINITY_DN12047_c0_g1,130.083644
1,dis_TRINITY_DN1209_c0_g2,130.8494
1,dis_TRINITY_DN1210_c0_g1,134.062329
1,dis_TRINITY_DN12101_c0_g1,126
7,dis_TRINITY_DN12124_c0_g1,127.420866
8,dis_TRINITY_DN1214_c0_g1,518.7539810000001
8,dis_TRINITY_DN12158_c0_g1,459.320956
3,dis_TRINITY_DN1216_c2_g1,172.220128
8,dis_TRINITY_DN12164_c0_g1,166.365793
1,dis_TRINITY_DN12173_c0_g1,2173.605795
1,dis_TRINITY_DN12195_c0_g1,266.518963
7,dis_TRINITY_DN1221_c0_g2,159.549252
1,dis_TRINITY_DN1222_c0_g1,230.49762
8,dis_TRINITY_DN1225_c1_g2,134.662642
8,dis_TRINITY_DN1227_c1_g1,4369.989496
2,dis_TRINITY_DN12274_c0_g1,176.284907
1,dis_TRINITY_DN1228_c0_g1,134.552175
8,dis_TRINITY_DN123_c1_g3,126.382158
8,dis_TRINITY_DN123_c1_g4,194.956257
1,dis_TRINITY_DN12300_c0_g1,265.499592
1,dis_TRINITY_DN12314_c0_g1,136.93594
1,dis_TRINITY_DN12334_c0_g1,150.556426
1,dis_TRINITY_DN12344_c0_g1,130.794617
6,dis_TRINITY_DN12352_c0_g1,150.263103
2,dis_TRINITY_DN12354_c0_g1,127.699517
7,dis_TRINITY_DN12363_c0_g5,139.286865
8,dis_TRINITY_DN1237_c0_g1,1137.833228
4,dis_TRINITY_DN12372_c0_g1,323.16139
8,dis_TRINITY_DN12379_c0_g3,241.689383
2,dis_TRINITY_DN12383_c0_g3,392.76333
8,dis_TRINITY_DN12397_c0_g2,126.089315
1,dis_TRINITY_DN12401_c0_g2,138.213566
8,dis_TRINITY_DN12428_c0_g1,928.787961
1,dis_TRINITY_DN1243_c0_g1,249.083683
7,dis_TRINITY_DN12431_c0_g1,192.39643
8,dis_TRINITY_DN1245_c0_g1,132.485273
1,dis_TRINITY_DN12458_c0_g1,128.727264
1,dis_TRINITY_DN12489_c0_g1,148.04133
3,dis_TRINITY_DN12489_c0_g2,137.580259
1,dis_TRINITY_DN12545_c0_g1,143.951092
8,dis_TRINITY_DN12553_c0_g8,142.326695
8,dis_TRINITY_DN12566_c1_g2,133.871647
8,dis_TRINITY_DN12566_c1_g7,164.081681
1,dis_TRINITY_DN12588_c0_g1,162.310293
1,dis_TRINITY_DN126_c0_g1,128.208752
8,dis_TRINITY_DN1261_c0_g1,151.638902
2,dis_TRINITY_DN1263_c0_g1,126
1,dis_TRINITY_DN12634_c0_g7,184.712465
1,dis_TRINITY_DN12674_c2_g2,402.738942
1,dis_TRINITY_DN1268_c0_g1,134.936561
1,dis_TRINITY_DN1269_c1_g2,287.99593400000003
1,dis_TRINITY_DN12709_c0_g3,166.781653
7,dis_TRINITY_DN12718_c0_g1,138.787794
8,dis_TRINITY_DN12726_c0_g2,271.28393500000004
8,dis_TRINITY_DN1273_c0_g3,126
1,dis_TRINITY_DN12756_c0_g2,214.228403
7,dis_TRINITY_DN12758_c0_g1,183.191011
7,dis_TRINITY_DN1276_c0_g2,132.4732
2,dis_TRINITY_DN12770_c0_g1,447.961776
1,dis_TRINITY_DN12775_c0_g1,162.017562
1,dis_TRINITY_DN12777_c0_g1,251.960361
8,dis_TRINITY_DN12781_c0_g1,162.218895
8,dis_TRINITY_DN12786_c0_g1,172.14583
8,dis_TRINITY_DN12788_c0_g1,159.79608100000002
8,dis_TRINITY_DN12793_c0_g1,701.539853
1,dis_TRINITY_DN12795_c0_g2,163.688532
8,dis_TRINITY_DN12807_c0_g1,139.530549
6,dis_TRINITY_DN12808_c0_g1,168.657546
7,dis_TRINITY_DN12818_c0_g2,148.299878
8,dis_TRINITY_DN12822_c0_g1,154.375689
1,dis_TRINITY_DN12823_c0_g1,129.445592
1,dis_TRINITY_DN12825_c0_g1,149.32427
2,dis_TRINITY_DN12838_c0_g1,126
8,dis_TRINITY_DN12839_c0_g1,134.64237
1,dis_TRINITY_DN12848_c0_g1,138.097339
1,dis_TRINITY_DN12865_c0_g2,126.213569
1,dis_TRINITY_DN12877_c0_g1,902.888212
1,dis_TRINITY_DN12930_c0_g1,219.413664
1,dis_TRINITY_DN12933_c0_g2,298.177231
1,dis_TRINITY_DN12933_c0_g4,126.315706
1,dis_TRINITY_DN12938_c1_g1,373.803452
1,dis_TRINITY_DN12963_c0_g2,133.903916
1,dis_TRINITY_DN12987_c0_g1,135.640652
7,dis_TRINITY_DN13012_c0_g1,159.865899
2,dis_TRINITY_DN13015_c0_g1,138.960438
1,dis_TRINITY_DN13030_c1_g1,160.294898
7,dis_TRINITY_DN13044_c0_g2,164.642575
1,dis_TRINITY_DN1308_c0_g1,142.137945
1,dis_TRINITY_DN13081_c1_g3,136.41152
1,dis_TRINITY_DN131_c0_g1,276.16256699999997
7,dis_TRINITY_DN13186_c0_g2,126
8,dis_TRINITY_DN132_c0_g4,338.542242
7,dis_TRINITY_DN13222_c0_g1,133.479937
8,dis_TRINITY_DN1323_c0_g1,157.06444
1,dis_TRINITY_DN13243_c0_g1,147.44666900000001
8,dis_TRINITY_DN13261_c0_g1,315.351387
7,dis_TRINITY_DN13262_c0_g1,473.469524
2,dis_TRINITY_DN13277_c0_g1,174.691496
1,dis_TRINITY_DN13292_c0_g1,179.695619
8,dis_TRINITY_DN13295_c0_g1,150.15073999999998
1,dis_TRINITY_DN13300_c0_g1,311.295349
1,dis_TRINITY_DN13313_c0_g4,1220.481372
1,dis_TRINITY_DN13316_c0_g1,6184.105561
8,dis_TRINITY_DN13317_c0_g1,195.295911
2,dis_TRINITY_DN13318_c1_g6,128.660448
8,dis_TRINITY_DN13319_c0_g1,858.011058
1,dis_TRINITY_DN13338_c0_g3,167.009098
1,dis_TRINITY_DN1334_c0_g1,137.821157
1,dis_TRINITY_DN13373_c0_g2,126.341565
1,dis_TRINITY_DN13393_c0_g1,163.498348
1,dis_TRINITY_DN13396_c0_g1,305.294199
1,dis_TRINITY_DN134_c0_g2,767.438825
7,dis_TRINITY_DN134_c0_g4,667.277676
1,dis_TRINITY_DN1341_c0_g7,157.469537
1,dis_TRINITY_DN13490_c0_g1,184.684709
1,dis_TRINITY_DN13513_c0_g1,143.048443
1,dis_TRINITY_DN13537_c0_g2,330.174085
6,dis_TRINITY_DN13543_c0_g1,143.688647
1,dis_TRINITY_DN13562_c0_g1,142.993487
1,dis_TRINITY_DN1357_c0_g1,251.820459
1,dis_TRINITY_DN1359_c0_g1,181.995836
8,dis_TRINITY_DN13612_c0_g1,191.772154
8,dis_TRINITY_DN13629_c0_g1,131.71854
1,dis_TRINITY_DN13631_c1_g3,191.884683
1,dis_TRINITY_DN13633_c0_g1,176.234508
7,dis_TRINITY_DN13638_c0_g1,139.686248
7,dis_TRINITY_DN1364_c0_g1,366.322597
1,dis_TRINITY_DN13641_c0_g2,150.51883
2,dis_TRINITY_DN13680_c0_g1,168.0488
8,dis_TRINITY_DN13684_c0_g1,1761.081765
8,dis_TRINITY_DN13688_c0_g1,139.915089
1,dis_TRINITY_DN13690_c0_g1,383.204676
8,dis_TRINITY_DN13701_c0_g1,126.803191
1,dis_TRINITY_DN13703_c0_g1,176.194708
1,dis_TRINITY_DN1371_c0_g1,146.248456
1,dis_TRINITY_DN1375_c0_g1,615.719934
7,dis_TRINITY_DN13764_c0_g2,174.641913
8,dis_TRINITY_DN13787_c0_g1,131.778806
1,dis_TRINITY_DN13798_c0_g1,153.755673
1,dis_TRINITY_DN13806_c0_g2,182.250979
7,dis_TRINITY_DN1381_c0_g2,562.3112960000001
2,dis_TRINITY_DN13811_c0_g1,915.540567
8,dis_TRINITY_DN1383_c0_g1,129.678415
7,dis_TRINITY_DN13858_c0_g1,130.607138
1,dis_TRINITY_DN1386_c0_g1,143.41306
8,dis_TRINITY_DN13863_c1_g2,134.670943
8,dis_TRINITY_DN1389_c0_g1,179.387027
1,dis_TRINITY_DN139_c0_g1,752.934656
8,dis_TRINITY_DN139_c0_g6,202.270946
1,dis_TRINITY_DN13934_c0_g3,161.547441
1,dis_TRINITY_DN13949_c0_g1,138.150226
8,dis_TRINITY_DN1398_c0_g1,142.461321
1,dis_TRINITY_DN13981_c0_g1,126.408643
5,dis_TRINITY_DN1399_c0_g1,155.43843
1,dis_TRINITY_DN13999_c0_g1,350.999722
8,dis_TRINITY_DN14006_c0_g2,132.621133
8,dis_TRINITY_DN1404_c0_g5,129.278969
1,dis_TRINITY_DN14048_c0_g2,520.2224
1,dis_TRINITY_DN14048_c0_g4,262.52569600000004
8,dis_TRINITY_DN14068_c0_g1,205.849705
1,dis_TRINITY_DN14093_c0_g1,259.241779
1,dis_TRINITY_DN14107_c0_g1,169.447937
1,dis_TRINITY_DN14111_c0_g2,244.779047
1,dis_TRINITY_DN14111_c0_g4,207.091451
1,dis_TRINITY_DN1413_c0_g1,435.44835
2,dis_TRINITY_DN14133_c0_g1,149.891429
8,dis_TRINITY_DN1415_c0_g1,138.114546
8,dis_TRINITY_DN14155_c0_g1,126
6,dis_TRINITY_DN1418_c0_g2,212.730324
1,dis_TRINITY_DN1418_c0_g3,246.860029
1,dis_TRINITY_DN1421_c0_g1,1011.082671
2,dis_TRINITY_DN1422_c15_g1,162.353366
1,dis_TRINITY_DN14239_c0_g1,126
8,dis_TRINITY_DN1424_c0_g1,184.47778
1,dis_TRINITY_DN14243_c0_g1,161.424958
2,dis_TRINITY_DN1429_c0_g1,138.28289
1,dis_TRINITY_DN143_c0_g8,516.850717
8,dis_TRINITY_DN14310_c0_g1,328.452701
8,dis_TRINITY_DN14313_c0_g1,148.187747
8,dis_TRINITY_DN1432_c0_g1,137.742551
1,dis_TRINITY_DN14320_c0_g2,988.764258
4,dis_TRINITY_DN1434_c0_g1,227.018028
8,dis_TRINITY_DN14393_c0_g1,604.7047210000001
1,dis_TRINITY_DN14396_c0_g1,268.68838500000004
1,dis_TRINITY_DN14403_c0_g4,196.686674
1,dis_TRINITY_DN14413_c0_g1,377.257964
1,dis_TRINITY_DN14415_c0_g2,222.88373
8,dis_TRINITY_DN14419_c0_g1,138.801056
8,dis_TRINITY_DN14432_c1_g3,133.348879
8,dis_TRINITY_DN14453_c0_g2,170.51010200000002
2,dis_TRINITY_DN14465_c0_g1,138.844378
1,dis_TRINITY_DN14475_c0_g2,709.520651
1,dis_TRINITY_DN14489_c0_g1,152.805325
1,dis_TRINITY_DN14514_c0_g2,135.121439
8,dis_TRINITY_DN14522_c0_g3,531.478206
7,dis_TRINITY_DN14527_c0_g1,164.38254899999998
6,dis_TRINITY_DN14532_c0_g3,128.516975
8,dis_TRINITY_DN14545_c0_g1,127.688538
1,dis_TRINITY_DN14545_c0_g5,134.127587
2,dis_TRINITY_DN14547_c0_g1,134.6789
5,dis_TRINITY_DN1455_c0_g1,131.685418
1,dis_TRINITY_DN14551_c0_g2,584.8306660000001
1,dis_TRINITY_DN14551_c0_g3,128.091771
1,dis_TRINITY_DN14568_c0_g1,126
1,dis_TRINITY_DN14586_c0_g2,975.946601
1,dis_TRINITY_DN1461_c0_g1,153.166359
8,dis_TRINITY_DN1463_c0_g1,225.946201
8,dis_TRINITY_DN1467_c0_g1,129.475284
2,dis_TRINITY_DN14676_c0_g1,131.715397
5,dis_TRINITY_DN14741_c0_g1,165.205288
7,dis_TRINITY_DN14755_c0_g1,132.943938
1,dis_TRINITY_DN14779_c0_g1,660.014593
1,dis_TRINITY_DN1480_c0_g1,138.999384
8,dis_TRINITY_DN14829_c0_g1,127.793129
1,dis_TRINITY_DN14851_c0_g1,173.724296
1,dis_TRINITY_DN14878_c0_g1,176.921587
8,dis_TRINITY_DN14887_c0_g1,128.098496
8,dis_TRINITY_DN14917_c0_g1,151.969716
1,dis_TRINITY_DN14924_c0_g1,210.115941
1,dis_TRINITY_DN14927_c0_g1,147.661734
1,dis_TRINITY_DN14967_c0_g1,143.170162
1,dis_TRINITY_DN14971_c0_g1,157.197229
1,dis_TRINITY_DN14974_c0_g4,976.347544
1,dis_TRINITY_DN14978_c0_g1,182.593899
8,dis_TRINITY_DN14984_c0_g1,174.682278
6,dis_TRINITY_DN14995_c0_g1,130.72833
1,dis_TRINITY_DN14996_c0_g2,126.177126
1,dis_TRINITY_DN14999_c0_g1,142.532176
8,dis_TRINITY_DN1501_c0_g1,142.863404
1,dis_TRINITY_DN15016_c0_g1,159.081481
7,dis_TRINITY_DN1503_c0_g1,275.673163
8,dis_TRINITY_DN1503_c0_g3,132.857174
1,dis_TRINITY_DN15057_c0_g2,163.283531
8,dis_TRINITY_DN15057_c0_g4,132.065426
1,dis_TRINITY_DN1506_c0_g1,126.256058
1,dis_TRINITY_DN15081_c0_g1,130.103472
2,dis_TRINITY_DN151_c0_g1,166.79289599999998
8,dis_TRINITY_DN15102_c0_g1,126.569522
7,dis_TRINITY_DN1513_c0_g3,206.622949
1,dis_TRINITY_DN15139_c0_g1,421.525538
8,dis_TRINITY_DN1514_c0_g1,137.347606
8,dis_TRINITY_DN15170_c0_g1,144.18817
8,dis_TRINITY_DN15186_c0_g1,145.325492
8,dis_TRINITY_DN15191_c0_g1,318.93928900000003
5,dis_TRINITY_DN152_c0_g1,222.69256
2,dis_TRINITY_DN1520_c0_g2,632.323359
7,dis_TRINITY_DN1524_c0_g1,134.790333
7,dis_TRINITY_DN15258_c2_g3,126.758522
1,dis_TRINITY_DN15300_c0_g1,134.035902
1,dis_TRINITY_DN15301_c0_g4,284.916881
8,dis_TRINITY_DN15329_c0_g1,205.480784
1,dis_TRINITY_DN1536_c0_g1,144.076542
8,dis_TRINITY_DN15407_c0_g1,168.903936
8,dis_TRINITY_DN1550_c0_g1,388.050506
8,dis_TRINITY_DN15537_c0_g1,888.603746
7,dis_TRINITY_DN15555_c0_g1,539.072656
8,dis_TRINITY_DN1560_c0_g1,126.997466
5,dis_TRINITY_DN15600_c0_g2,476.931493
1,dis_TRINITY_DN15616_c0_g1,178.409644
1,dis_TRINITY_DN1562_c0_g5,152.686104
7,dis_TRINITY_DN1564_c0_g2,416.969441
1,dis_TRINITY_DN1564_c0_g3,198.556634
2,dis_TRINITY_DN15658_c0_g1,2553.662387
8,dis_TRINITY_DN15681_c0_g1,126
1,dis_TRINITY_DN15693_c0_g1,616.434418
1,dis_TRINITY_DN1573_c0_g3,161.520338
8,dis_TRINITY_DN15739_c0_g2,774.453223
8,dis_TRINITY_DN1575_c0_g3,150.844484
8,dis_TRINITY_DN15765_c0_g1,137.15028
8,dis_TRINITY_DN1578_c0_g1,130.367195
1,dis_TRINITY_DN1578_c0_g2,154.450936
2,dis_TRINITY_DN15808_c1_g2,178.888619
1,dis_TRINITY_DN15808_c1_g3,233.017662
1,dis_TRINITY_DN1584_c0_g2,185.950977
1,dis_TRINITY_DN15841_c0_g1,174.82621799999998
8,dis_TRINITY_DN1587_c0_g3,135.709259
8,dis_TRINITY_DN15905_c0_g1,126
1,dis_TRINITY_DN15913_c0_g1,126
8,dis_TRINITY_DN15952_c0_g1,155.606068
7,dis_TRINITY_DN15994_c0_g1,152.357778
6,dis_TRINITY_DN15998_c0_g1,131.147583
8,dis_TRINITY_DN16_c0_g1,169.010078
1,dis_TRINITY_DN160_c0_g2,744.256083
1,dis_TRINITY_DN160_c0_g3,129.211278
1,dis_TRINITY_DN16001_c0_g2,126.96233
8,dis_TRINITY_DN16016_c0_g1,134.73951
1,dis_TRINITY_DN16038_c0_g5,358.252781
8,dis_TRINITY_DN16043_c0_g1,139.412845
8,dis_TRINITY_DN16047_c0_g1,136.157692
7,dis_TRINITY_DN1605_c0_g1,312.16405499999996
1,dis_TRINITY_DN16067_c0_g2,252.757673
7,dis_TRINITY_DN16083_c0_g1,147.367907
8,dis_TRINITY_DN1611_c0_g1,126
8,dis_TRINITY_DN1611_c0_g2,126
2,dis_TRINITY_DN16122_c0_g1,153.266191
7,dis_TRINITY_DN16122_c0_g3,295.240031
8,dis_TRINITY_DN16134_c0_g1,147.845846
1,dis_TRINITY_DN16156_c0_g1,229.192912
8,dis_TRINITY_DN16161_c0_g1,373.387944
8,dis_TRINITY_DN16171_c0_g1,126.3283
8,dis_TRINITY_DN16182_c0_g7,139.136668
1,dis_TRINITY_DN16206_c0_g1,5259.021905
1,dis_TRINITY_DN16284_c0_g4,131.621283
7,dis_TRINITY_DN16327_c0_g1,136.959713
1,dis_TRINITY_DN16358_c0_g1,140.97793
1,dis_TRINITY_DN16385_c0_g2,130.149896
1,dis_TRINITY_DN16400_c0_g1,1347.727338
1,dis_TRINITY_DN16403_c0_g1,136.742743
1,dis_TRINITY_DN16411_c0_g3,192.50881
1,dis_TRINITY_DN16421_c0_g1,2557.507712
8,dis_TRINITY_DN16423_c0_g1,200.499333
5,dis_TRINITY_DN16438_c0_g1,188.852909
8,dis_TRINITY_DN16439_c0_g1,157.001346
1,dis_TRINITY_DN16452_c0_g1,160.66525
7,dis_TRINITY_DN1646_c0_g1,163.578331
8,dis_TRINITY_DN16468_c0_g1,305.82129199999997
2,dis_TRINITY_DN1648_c0_g1,162.238973
8,dis_TRINITY_DN16486_c0_g1,140.414746
2,dis_TRINITY_DN16516_c0_g3,179.920105
8,dis_TRINITY_DN1652_c1_g1,128.743305
1,dis_TRINITY_DN16527_c0_g1,916.072938
8,dis_TRINITY_DN16532_c0_g1,249.027373
7,dis_TRINITY_DN16537_c0_g1,146.103319
1,dis_TRINITY_DN1655_c0_g4,163.882816
1,dis_TRINITY_DN16557_c0_g1,150.760913
1,dis_TRINITY_DN16578_c0_g1,161.22706399999998
6,dis_TRINITY_DN1658_c0_g1,136.609286
8,dis_TRINITY_DN1659_c0_g2,130.970154
7,dis_TRINITY_DN1660_c0_g1,133.774528
8,dis_TRINITY_DN16660_c0_g3,177.8607
1,dis_TRINITY_DN16662_c0_g1,158.473011
8,dis_TRINITY_DN1667_c0_g1,175.871676
2,dis_TRINITY_DN16676_c0_g1,137.506684
8,dis_TRINITY_DN16685_c0_g3,132.913107
1,dis_TRINITY_DN1669_c0_g1,144.847659
1,dis_TRINITY_DN1670_c0_g1,156.390665
7,dis_TRINITY_DN1671_c0_g1,134.320188
8,dis_TRINITY_DN16714_c0_g4,140.932959
1,dis_TRINITY_DN16729_c0_g2,143.76778
1,dis_TRINITY_DN16747_c0_g1,131.832928
8,dis_TRINITY_DN16751_c0_g2,201.893844
1,dis_TRINITY_DN16760_c0_g1,137.368118
1,dis_TRINITY_DN16765_c0_g1,199.400654
4,dis_TRINITY_DN16768_c0_g1,132.117712
1,dis_TRINITY_DN16771_c0_g1,154.629583
1,dis_TRINITY_DN16789_c0_g1,159.934381
1,dis_TRINITY_DN16811_c0_g5,604.660498
8,dis_TRINITY_DN1682_c0_g3,994.234917
1,dis_TRINITY_DN16825_c0_g6,134.36701
8,dis_TRINITY_DN16836_c0_g1,126.98065
7,dis_TRINITY_DN16846_c0_g2,418.543515
1,dis_TRINITY_DN16866_c0_g1,386.906389
7,dis_TRINITY_DN16878_c0_g1,659.943058
8,dis_TRINITY_DN16891_c0_g7,126.1126
8,dis_TRINITY_DN16907_c0_g1,146.78295
8,dis_TRINITY_DN1697_c0_g5,126
1,dis_TRINITY_DN16986_c0_g1,171.704337
8,dis_TRINITY_DN1699_c0_g1,136.048012
8,dis_TRINITY_DN16996_c0_g2,148.951751
1,dis_TRINITY_DN1709_c0_g4,165.765657
8,dis_TRINITY_DN1710_c0_g1,217.724712
1,dis_TRINITY_DN17106_c0_g1,140.576515
1,dis_TRINITY_DN17107_c0_g1,166.820794
7,dis_TRINITY_DN17112_c0_g1,132.208246
1,dis_TRINITY_DN17114_c0_g1,126
1,dis_TRINITY_DN17116_c0_g1,232.185587
1,dis_TRINITY_DN17126_c0_g1,572.582769
1,dis_TRINITY_DN17179_c0_g1,472.657374
1,dis_TRINITY_DN17186_c0_g1,148.742975
8,dis_TRINITY_DN17193_c0_g1,135.156551
1,dis_TRINITY_DN17204_c0_g1,149.288752
2,dis_TRINITY_DN1722_c1_g1,293.832273
8,dis_TRINITY_DN1722_c1_g3,174.994641
2,dis_TRINITY_DN17277_c0_g1,143.210222
5,dis_TRINITY_DN17282_c0_g1,129.710626
7,dis_TRINITY_DN17298_c0_g1,126
1,dis_TRINITY_DN173_c0_g1,130.074666
1,dis_TRINITY_DN1731_c0_g1,126.603828
2,dis_TRINITY_DN17327_c0_g2,162.717954
2,dis_TRINITY_DN17339_c0_g1,2749.81697
2,dis_TRINITY_DN17362_c0_g1,137.264872
1,dis_TRINITY_DN17400_c0_g2,126
8,dis_TRINITY_DN17411_c0_g1,240.484683
1,dis_TRINITY_DN17440_c0_g2,155.41266
5,dis_TRINITY_DN1748_c0_g3,168.333206
1,dis_TRINITY_DN17497_c0_g1,126
1,dis_TRINITY_DN1753_c0_g1,126.492943
1,dis_TRINITY_DN1753_c0_g2,413.254303
1,dis_TRINITY_DN17531_c0_g1,126
7,dis_TRINITY_DN17650_c0_g2,347.724163
7,dis_TRINITY_DN17711_c0_g2,136.436949
8,dis_TRINITY_DN1772_c0_g1,128.725488
1,dis_TRINITY_DN1773_c0_g1,140.237821
1,dis_TRINITY_DN1773_c0_g3,126.772618
1,dis_TRINITY_DN1775_c0_g1,160.074882
8,dis_TRINITY_DN17767_c0_g2,139.246779
8,dis_TRINITY_DN17804_c0_g2,155.918952
8,dis_TRINITY_DN17815_c0_g1,146.056149
8,dis_TRINITY_DN17825_c0_g1,129.364354
1,dis_TRINITY_DN17832_c0_g1,145.864903
8,dis_TRINITY_DN17841_c0_g1,426.818769
1,dis_TRINITY_DN17869_c0_g1,130.798035
1,dis_TRINITY_DN17886_c0_g1,152.758073
7,dis_TRINITY_DN17946_c0_g4,232.264832
1,dis_TRINITY_DN17959_c0_g1,139.616195
1,dis_TRINITY_DN17962_c0_g1,300.608925
1,dis_TRINITY_DN17962_c0_g2,145.552758
1,dis_TRINITY_DN17962_c0_g3,137.254128
7,dis_TRINITY_DN17975_c0_g1,127.128618
1,dis_TRINITY_DN17991_c0_g2,149.626378
8,dis_TRINITY_DN1800_c0_g1,133.739418
8,dis_TRINITY_DN18096_c0_g1,127.326161
1,dis_TRINITY_DN1811_c0_g2,136.049637
1,dis_TRINITY_DN18139_c0_g1,268.007721
1,dis_TRINITY_DN1816_c1_g1,277.488607
1,dis_TRINITY_DN18201_c0_g1,144.635977
7,dis_TRINITY_DN18207_c0_g2,133.92521
2,dis_TRINITY_DN18233_c0_g1,273.608405
1,dis_TRINITY_DN18235_c0_g2,194.720917
1,dis_TRINITY_DN1824_c0_g1,135.242056
8,dis_TRINITY_DN1827_c0_g4,128.855083
1,dis_TRINITY_DN1828_c0_g1,127.122567
8,dis_TRINITY_DN18282_c0_g1,196.103742
1,dis_TRINITY_DN18285_c0_g1,699.643838
1,dis_TRINITY_DN18285_c0_g2,126
8,dis_TRINITY_DN1829_c0_g1,127.646062
7,dis_TRINITY_DN18291_c0_g1,594.016263
1,dis_TRINITY_DN18342_c0_g1,126.593425
8,dis_TRINITY_DN18349_c0_g1,154.383428
7,dis_TRINITY_DN18378_c0_g1,206.077111
8,dis_TRINITY_DN184_c0_g2,393.017274
8,dis_TRINITY_DN1841_c0_g3,132.666294
8,dis_TRINITY_DN18418_c0_g4,135.124301
7,dis_TRINITY_DN1842_c0_g2,553.5513940000001
8,dis_TRINITY_DN18454_c0_g1,141.385115
1,dis_TRINITY_DN18458_c0_g1,136.010353
8,dis_TRINITY_DN18485_c0_g2,141.357204
8,dis_TRINITY_DN1850_c0_g1,155.769837
1,dis_TRINITY_DN1852_c0_g1,133.444575
1,dis_TRINITY_DN1857_c0_g1,133.690765
8,dis_TRINITY_DN1867_c0_g2,126.530733
7,dis_TRINITY_DN187_c0_g1,239.360127
1,dis_TRINITY_DN18721_c0_g1,295.068646
1,dis_TRINITY_DN1873_c0_g2,279.29762800000003
2,dis_TRINITY_DN1875_c0_g1,690.314005
1,dis_TRINITY_DN188_c0_g1,665.691008
8,dis_TRINITY_DN18822_c0_g1,186.483023
1,dis_TRINITY_DN18833_c0_g1,126.470726
8,dis_TRINITY_DN1885_c0_g1,130.097083
8,dis_TRINITY_DN18860_c0_g1,175.241974
1,dis_TRINITY_DN18868_c0_g2,140.709753
1,dis_TRINITY_DN18884_c0_g1,212.457568
5,dis_TRINITY_DN1890_c0_g2,158.498361
1,dis_TRINITY_DN18904_c0_g1,127.260304
1,dis_TRINITY_DN18925_c0_g3,155.225902
8,dis_TRINITY_DN18944_c0_g1,126.359861
8,dis_TRINITY_DN18950_c0_g1,133.123637
1,dis_TRINITY_DN18962_c0_g3,142.28191
8,dis_TRINITY_DN18984_c0_g1,640.939126
1,dis_TRINITY_DN190_c0_g1,134.44166
1,dis_TRINITY_DN19017_c0_g1,137.796543
2,dis_TRINITY_DN19056_c0_g1,154.818772
1,dis_TRINITY_DN19060_c0_g1,161.360984
6,dis_TRINITY_DN1907_c0_g1,254.869485
2,dis_TRINITY_DN191_c0_g1,702.829655
1,dis_TRINITY_DN191_c0_g2,737.801289
1,dis_TRINITY_DN191_c1_g2,127.364447
1,dis_TRINITY_DN19102_c0_g1,137.288539
8,dis_TRINITY_DN19141_c0_g1,134.195591
8,dis_TRINITY_DN19147_c0_g1,171.0399
1,dis_TRINITY_DN1915_c0_g3,155.55431
7,dis_TRINITY_DN19153_c0_g1,315.802503
8,dis_TRINITY_DN19169_c0_g6,159.412446
7,dis_TRINITY_DN19171_c0_g2,143.571666
8,dis_TRINITY_DN19176_c0_g1,186.612401
1,dis_TRINITY_DN19180_c0_g1,194.48711
1,dis_TRINITY_DN19182_c0_g2,917.731729
1,dis_TRINITY_DN1919_c0_g1,188.939427
1,dis_TRINITY_DN19211_c0_g1,174.952091
1,dis_TRINITY_DN19213_c0_g2,160.57143
8,dis_TRINITY_DN19223_c0_g2,197.623051
1,dis_TRINITY_DN19261_c0_g2,257.886218
2,dis_TRINITY_DN19266_c0_g1,368.925747
7,dis_TRINITY_DN19275_c0_g1,1567.283769
1,dis_TRINITY_DN19304_c0_g1,1380.076825
1,dis_TRINITY_DN19316_c0_g5,438.63944300000003
6,dis_TRINITY_DN19330_c0_g1,593.957305
1,dis_TRINITY_DN19345_c0_g1,274.386728
7,dis_TRINITY_DN19353_c0_g1,137.370837
1,dis_TRINITY_DN19356_c1_g1,260.52221499999996
1,dis_TRINITY_DN19383_c1_g1,248.267652
1,dis_TRINITY_DN1939_c0_g1,188.0847
1,dis_TRINITY_DN19414_c0_g2,173.838712
8,dis_TRINITY_DN1945_c0_g1,150.419246
8,dis_TRINITY_DN19479_c0_g1,131.73708
8,dis_TRINITY_DN19481_c0_g1,154.989656
1,dis_TRINITY_DN19509_c0_g1,178.321553
1,dis_TRINITY_DN19515_c0_g1,297.920478
8,dis_TRINITY_DN19524_c0_g3,144.143418
1,dis_TRINITY_DN19530_c1_g1,1296.174059
1,dis_TRINITY_DN19552_c0_g1,429.125493
1,dis_TRINITY_DN19556_c0_g3,133.217966
8,dis_TRINITY_DN1961_c0_g1,126
1,dis_TRINITY_DN19612_c0_g5,132.071477
1,dis_TRINITY_DN1963_c0_g4,144.894769
1,dis_TRINITY_DN1966_c0_g1,127.243983
1,dis_TRINITY_DN1968_c0_g1,364.416366
8,dis_TRINITY_DN1968_c0_g2,127.020154
8,dis_TRINITY_DN19686_c0_g2,211.734419
8,dis_TRINITY_DN1971_c0_g2,126
8,dis_TRINITY_DN19763_c0_g1,159.430579
8,dis_TRINITY_DN19763_c0_g2,152.247829
8,dis_TRINITY_DN1979_c0_g1,126
7,dis_TRINITY_DN1981_c0_g1,353.00852299999997
1,dis_TRINITY_DN19882_c0_g1,154.62005
1,dis_TRINITY_DN1993_c0_g1,194.337706
1,dis_TRINITY_DN19957_c0_g4,334.66740200000004
8,dis_TRINITY_DN19970_c0_g1,152.153844
8,dis_TRINITY_DN20_c0_g2,291.407804
8,dis_TRINITY_DN2001_c0_g3,128.827929
8,dis_TRINITY_DN2002_c0_g1,139.219596
8,dis_TRINITY_DN20044_c0_g1,138.740501
1,dis_TRINITY_DN2005_c0_g2,430.28546
2,dis_TRINITY_DN2006_c0_g1,334.392854
8,dis_TRINITY_DN20077_c0_g1,140.603654
8,dis_TRINITY_DN20090_c1_g1,135.884073
8,dis_TRINITY_DN20128_c0_g1,134.641418
1,dis_TRINITY_DN20151_c0_g1,419.505557
8,dis_TRINITY_DN2020_c0_g1,131.608698
8,dis_TRINITY_DN20224_c0_g1,145.136968
7,dis_TRINITY_DN2023_c0_g3,152.988513
1,dis_TRINITY_DN20236_c0_g3,698.295455
1,dis_TRINITY_DN20257_c0_g2,178.756525
8,dis_TRINITY_DN20288_c0_g1,182.452706
1,dis_TRINITY_DN20312_c0_g2,140.431394
1,dis_TRINITY_DN2032_c0_g1,1594.426471
1,dis_TRINITY_DN20337_c0_g1,170.44061299999998
1,dis_TRINITY_DN20350_c0_g1,131.491326
8,dis_TRINITY_DN20366_c0_g1,791.039944
8,dis_TRINITY_DN2038_c0_g2,281.226817
8,dis_TRINITY_DN2039_c0_g1,498.788837
1,dis_TRINITY_DN2040_c0_g2,175.533505
1,dis_TRINITY_DN20403_c0_g1,158.152306
1,dis_TRINITY_DN20415_c0_g1,152.677557
2,dis_TRINITY_DN20418_c0_g1,191.419164
7,dis_TRINITY_DN20436_c0_g1,186.964237
6,dis_TRINITY_DN2047_c0_g2,128.829214
1,dis_TRINITY_DN20477_c0_g1,167.994292
7,dis_TRINITY_DN2049_c0_g1,129.176993
1,dis_TRINITY_DN20544_c0_g1,277.80801099999996
1,dis_TRINITY_DN20557_c1_g1,157.661021
1,dis_TRINITY_DN20572_c0_g1,126.860774
1,dis_TRINITY_DN20572_c0_g2,183.340754
1,dis_TRINITY_DN20574_c0_g1,133.847324
2,dis_TRINITY_DN2058_c0_g1,552.239913
1,dis_TRINITY_DN2060_c0_g1,264.481278
8,dis_TRINITY_DN20613_c0_g2,151.38029
8,dis_TRINITY_DN2062_c0_g1,373.964504
1,dis_TRINITY_DN2065_c0_g1,137.345671
1,dis_TRINITY_DN2065_c0_g2,12711.659143
8,dis_TRINITY_DN20683_c0_g4,137.193139
1,dis_TRINITY_DN20716_c0_g1,126.266047
7,dis_TRINITY_DN2072_c0_g1,220.597734
2,dis_TRINITY_DN2077_c0_g1,140.628608
1,dis_TRINITY_DN20816_c0_g1,294.729717
8,dis_TRINITY_DN20834_c0_g1,127.276871
7,dis_TRINITY_DN20837_c0_g1,126
1,dis_TRINITY_DN2084_c1_g2,867.221584
1,dis_TRINITY_DN20943_c0_g1,175.423599
1,dis_TRINITY_DN20965_c0_g1,199.308956
1,dis_TRINITY_DN21002_c0_g1,152.063986
7,dis_TRINITY_DN21004_c0_g1,148.286489
2,dis_TRINITY_DN21018_c0_g1,139.164804
1,dis_TRINITY_DN21043_c0_g1,132.90933
1,dis_TRINITY_DN2105_c0_g1,772.414592
8,dis_TRINITY_DN21057_c0_g2,150.546387
7,dis_TRINITY_DN2109_c0_g1,313.09830999999997
1,dis_TRINITY_DN211_c0_g1,138.611036
8,dis_TRINITY_DN21139_c0_g1,612.053361
7,dis_TRINITY_DN21142_c0_g2,187.340084
1,dis_TRINITY_DN21191_c0_g1,268.565086
1,dis_TRINITY_DN21212_c0_g2,163.575391
2,dis_TRINITY_DN21220_c0_g1,998.300855
8,dis_TRINITY_DN21226_c0_g1,154.649065
8,dis_TRINITY_DN21243_c0_g1,127.28524
8,dis_TRINITY_DN2125_c0_g1,140.91497
3,dis_TRINITY_DN21258_c0_g3,140.866585
8,dis_TRINITY_DN21278_c0_g1,155.620809
1,dis_TRINITY_DN21326_c0_g1,134.333551
7,dis_TRINITY_DN21342_c0_g1,151.21590700000002
1,dis_TRINITY_DN21348_c0_g1,146.994202
7,dis_TRINITY_DN21476_c0_g1,158.813415
1,dis_TRINITY_DN2151_c0_g2,177.299329
1,dis_TRINITY_DN21519_c0_g2,201.72396
8,dis_TRINITY_DN21560_c0_g2,207.848011
1,dis_TRINITY_DN21579_c0_g3,135.71463
8,dis_TRINITY_DN2158_c0_g1,275.697025
8,dis_TRINITY_DN21588_c0_g1,146.597105
1,dis_TRINITY_DN21621_c0_g1,218.613768
8,dis_TRINITY_DN21646_c0_g1,1469.35639
7,dis_TRINITY_DN21655_c0_g1,126
2,dis_TRINITY_DN21673_c0_g1,128.01033
1,dis_TRINITY_DN21699_c0_g3,271.375136
8,dis_TRINITY_DN2170_c0_g1,126
1,dis_TRINITY_DN2170_c0_g2,126.227408
6,dis_TRINITY_DN21746_c0_g2,148.37478
1,dis_TRINITY_DN21766_c0_g1,133.76852
8,dis_TRINITY_DN21771_c0_g5,141.660157
1,dis_TRINITY_DN2178_c0_g2,173.512321
1,dis_TRINITY_DN2180_c0_g1,149.115013
8,dis_TRINITY_DN21811_c0_g2,166.96658200000002
1,dis_TRINITY_DN21824_c0_g1,148.953934
1,dis_TRINITY_DN21828_c0_g2,216.17217
7,dis_TRINITY_DN2183_c0_g1,142.366872
8,dis_TRINITY_DN2184_c0_g1,206.988626
1,dis_TRINITY_DN21861_c0_g1,140.005411
7,dis_TRINITY_DN21876_c0_g1,172.421356
7,dis_TRINITY_DN219_c0_g1,126
2,dis_TRINITY_DN2191_c0_g2,167.58909599999998
8,dis_TRINITY_DN2199_c0_g1,126
8,dis_TRINITY_DN22_c0_g1,160.998148
1,dis_TRINITY_DN22026_c0_g1,298.396233
2,dis_TRINITY_DN2203_c0_g1,158.3821
5,dis_TRINITY_DN22068_c0_g1,157.625024
8,dis_TRINITY_DN22091_c0_g2,165.140002
1,dis_TRINITY_DN2211_c2_g3,143.849459
2,dis_TRINITY_DN22131_c0_g1,135.552554
8,dis_TRINITY_DN22190_c0_g1,152.291827
8,dis_TRINITY_DN22207_c0_g3,136.061754
1,dis_TRINITY_DN22254_c0_g1,242.618177
1,dis_TRINITY_DN22277_c0_g4,173.23802899999998
1,dis_TRINITY_DN22288_c0_g2,152.935696
1,dis_TRINITY_DN22291_c0_g1,247.137928
5,dis_TRINITY_DN22293_c0_g2,228.421303
8,dis_TRINITY_DN223_c0_g2,132.750979
7,dis_TRINITY_DN22307_c0_g1,136.58219
1,dis_TRINITY_DN22357_c0_g3,156.7539
7,dis_TRINITY_DN2236_c0_g1,137.02855
1,dis_TRINITY_DN22419_c0_g3,135.03813
1,dis_TRINITY_DN22465_c0_g1,1022.34542
1,dis_TRINITY_DN22490_c0_g1,152.347415
8,dis_TRINITY_DN225_c0_g1,146.905747
1,dis_TRINITY_DN2255_c0_g2,527.385277
1,dis_TRINITY_DN2255_c0_g5,126.519264
1,dis_TRINITY_DN22588_c0_g2,139.640261
1,dis_TRINITY_DN2260_c0_g1,173.18803400000002
1,dis_TRINITY_DN22629_c0_g2,126.181479
7,dis_TRINITY_DN22667_c0_g1,170.12874399999998
7,dis_TRINITY_DN2267_c0_g1,180.322209
8,dis_TRINITY_DN2268_c0_g1,174.13701600000002
8,dis_TRINITY_DN2270_c0_g1,136.297219
8,dis_TRINITY_DN22713_c0_g1,146.552065
8,dis_TRINITY_DN2273_c0_g2,130.770419
8,dis_TRINITY_DN2275_c0_g1,129.949827
1,dis_TRINITY_DN2279_c0_g1,350.592394
1,dis_TRINITY_DN22861_c0_g1,1618.326704
7,dis_TRINITY_DN22895_c0_g2,167.384108
1,dis_TRINITY_DN22896_c0_g1,126
7,dis_TRINITY_DN22904_c0_g3,166.247432
8,dis_TRINITY_DN22904_c0_g6,260.812955
8,dis_TRINITY_DN22957_c0_g2,275.63028099999997
6,dis_TRINITY_DN22973_c0_g1,126
8,dis_TRINITY_DN22975_c0_g1,152.603029
1,dis_TRINITY_DN23_c0_g1,127.020154
1,dis_TRINITY_DN23_c0_g2,126.364349
1,dis_TRINITY_DN23_c0_g4,431.174205
1,dis_TRINITY_DN230_c0_g1,203.315954
1,dis_TRINITY_DN2300_c0_g1,168.425294
8,dis_TRINITY_DN23044_c0_g1,126
1,dis_TRINITY_DN23055_c0_g1,167.07072399999998
7,dis_TRINITY_DN23106_c0_g2,171.26212
1,dis_TRINITY_DN23129_c0_g1,129.562183
1,dis_TRINITY_DN2318_c0_g1,134.54172
1,dis_TRINITY_DN23204_c0_g1,316.80557799999997
8,dis_TRINITY_DN2323_c4_g1,145.928955
2,dis_TRINITY_DN23248_c0_g1,140.624444
1,dis_TRINITY_DN23271_c0_g1,194.974782
1,dis_TRINITY_DN23293_c0_g1,132.684426
1,dis_TRINITY_DN23293_c0_g5,138.005894
7,dis_TRINITY_DN23298_c0_g3,364.980408
2,dis_TRINITY_DN23299_c0_g1,148.339201
8,dis_TRINITY_DN233_c0_g1,169.627678
6,dis_TRINITY_DN23309_c0_g1,153.097903
8,dis_TRINITY_DN23310_c0_g2,134.037163
2,dis_TRINITY_DN23315_c0_g1,152.618684
8,dis_TRINITY_DN23317_c0_g1,152.646387
8,dis_TRINITY_DN23326_c0_g1,131.524666
8,dis_TRINITY_DN23328_c0_g3,188.208053
8,dis_TRINITY_DN23343_c0_g1,131.934543
7,dis_TRINITY_DN23348_c0_g1,156.802329
1,dis_TRINITY_DN23378_c0_g1,130.891996
5,dis_TRINITY_DN23419_c0_g1,126.793144
2,dis_TRINITY_DN23425_c0_g1,148.496587
8,dis_TRINITY_DN23443_c0_g1,147.767671
1,dis_TRINITY_DN23460_c0_g4,186.095734
8,dis_TRINITY_DN23467_c0_g2,612.5487049999999
7,dis_TRINITY_DN23468_c0_g1,225.435293
2,dis_TRINITY_DN23476_c0_g1,152.888156
8,dis_TRINITY_DN23484_c0_g2,129.002912
7,dis_TRINITY_DN235_c0_g1,127.285253
1,dis_TRINITY_DN2354_c0_g2,130.842355
8,dis_TRINITY_DN23587_c1_g1,933.549085
1,dis_TRINITY_DN23592_c0_g1,171.941445
8,dis_TRINITY_DN23623_c1_g5,171.571185
8,dis_TRINITY_DN2363_c0_g3,126.944526
2,dis_TRINITY_DN2365_c0_g1,678.13963
7,dis_TRINITY_DN2367_c0_g1,152.743268
8,dis_TRINITY_DN2368_c0_g1,126
8,dis_TRINITY_DN23735_c0_g2,130.494408
8,dis_TRINITY_DN23736_c0_g1,129.394073
2,dis_TRINITY_DN23767_c0_g1,242.929921
8,dis_TRINITY_DN23767_c0_g2,172.183987
1,dis_TRINITY_DN238_c0_g1,156.674895
1,dis_TRINITY_DN23871_c0_g1,144.929522
7,dis_TRINITY_DN23883_c0_g2,173.476379
8,dis_TRINITY_DN23905_c0_g5,160.230875
7,dis_TRINITY_DN2392_c1_g2,651.638595
8,dis_TRINITY_DN23930_c0_g1,131.556558
8,dis_TRINITY_DN23933_c0_g1,127.719442
1,dis_TRINITY_DN2395_c0_g1,350.76772900000003
1,dis_TRINITY_DN24006_c0_g1,155.064247
2,dis_TRINITY_DN24038_c0_g1,180.357098
3,dis_TRINITY_DN2405_c0_g1,394.74013
8,dis_TRINITY_DN2408_c0_g1,161.334566
1,dis_TRINITY_DN2408_c0_g4,150.157334
8,dis_TRINITY_DN2416_c0_g2,134.905611
1,dis_TRINITY_DN2418_c0_g1,1553.273527
1,dis_TRINITY_DN24185_c0_g4,133.78368
1,dis_TRINITY_DN24240_c0_g1,790.73993
2,dis_TRINITY_DN24301_c0_g5,179.88047699999998
1,dis_TRINITY_DN24354_c0_g1,363.349008
1,dis_TRINITY_DN2436_c0_g1,895.989066
8,dis_TRINITY_DN2438_c0_g2,134.548656
1,dis_TRINITY_DN24397_c2_g3,846.801915
1,dis_TRINITY_DN24397_c2_g4,166.199562
7,dis_TRINITY_DN24403_c0_g2,176.676724
8,dis_TRINITY_DN2442_c0_g1,630.360676
1,dis_TRINITY_DN2449_c0_g3,148.207169
2,dis_TRINITY_DN24499_c0_g1,1053.630602
2,dis_TRINITY_DN24499_c0_g2,130.300453
1,dis_TRINITY_DN245_c0_g1,152.463814
6,dis_TRINITY_DN2450_c0_g3,160.547532
8,dis_TRINITY_DN2452_c0_g1,144.19352
7,dis_TRINITY_DN24553_c0_g2,442.637388
1,dis_TRINITY_DN24555_c0_g1,158.642439
6,dis_TRINITY_DN2465_c0_g2,145.034718
1,dis_TRINITY_DN2466_c0_g1,221.483576
4,dis_TRINITY_DN24694_c0_g1,173.697798
8,dis_TRINITY_DN24729_c0_g1,139.051997
8,dis_TRINITY_DN24751_c0_g2,139.974072
1,dis_TRINITY_DN24803_c0_g1,160.888275
8,dis_TRINITY_DN24998_c0_g1,150.249156
1,dis_TRINITY_DN25012_c0_g2,128.972713
5,dis_TRINITY_DN25060_c0_g7,9624.296297
8,dis_TRINITY_DN2513_c0_g2,126.20568
8,dis_TRINITY_DN2513_c0_g4,129.89465
1,dis_TRINITY_DN25163_c0_g1,142.182419
1,dis_TRINITY_DN2524_c0_g1,128.457658
2,dis_TRINITY_DN2525_c1_g1,158.89791300000002
1,dis_TRINITY_DN253_c0_g1,177.46694
1,dis_TRINITY_DN2531_c0_g1,128.151062
8,dis_TRINITY_DN25315_c0_g1,126.837122
8,dis_TRINITY_DN25316_c0_g1,132.950527
8,dis_TRINITY_DN25338_c0_g1,129.109963
8,dis_TRINITY_DN25351_c0_g1,133.829442
1,dis_TRINITY_DN25358_c0_g1,160.37936100000002
1,dis_TRINITY_DN25366_c0_g1,292.820838
1,dis_TRINITY_DN25368_c0_g2,645.695032
8,dis_TRINITY_DN25375_c1_g1,132.686831
3,dis_TRINITY_DN25382_c0_g1,732.563481
8,dis_TRINITY_DN25404_c0_g1,1982.134609
8,dis_TRINITY_DN25415_c0_g1,207.346396
1,dis_TRINITY_DN25444_c0_g1,136.711616
1,dis_TRINITY_DN25505_c0_g1,1382.355082
6,dis_TRINITY_DN25611_c0_g1,139.578949
1,dis_TRINITY_DN25611_c0_g2,138.96672
2,dis_TRINITY_DN25624_c0_g1,139.211622
2,dis_TRINITY_DN25641_c0_g1,155.14648
8,dis_TRINITY_DN2569_c0_g1,128.358
1,dis_TRINITY_DN2570_c0_g2,132.758916
2,dis_TRINITY_DN25725_c0_g1,204.43383
5,dis_TRINITY_DN2573_c0_g3,275.366687
1,dis_TRINITY_DN2573_c0_g4,131.321083
8,dis_TRINITY_DN25743_c0_g1,153.629781
1,dis_TRINITY_DN25765_c0_g1,150.251449
2,dis_TRINITY_DN2579_c0_g1,180.248975
8,dis_TRINITY_DN25790_c0_g1,151.535537
1,dis_TRINITY_DN25845_c0_g1,164.561672
8,dis_TRINITY_DN25869_c1_g4,144.388792
1,dis_TRINITY_DN2590_c0_g1,195.260271
1,dis_TRINITY_DN25998_c0_g2,152.883034
7,dis_TRINITY_DN26049_c0_g1,134.67368
1,dis_TRINITY_DN26058_c0_g1,151.912488
1,dis_TRINITY_DN2606_c0_g1,151.63204
8,dis_TRINITY_DN261_c2_g2,133.61899
8,dis_TRINITY_DN261_c5_g1,136.489907
4,dis_TRINITY_DN2615_c0_g1,140.563877
7,dis_TRINITY_DN26152_c0_g1,147.669194
1,dis_TRINITY_DN2617_c0_g1,1094.6803
7,dis_TRINITY_DN26198_c0_g1,2080.082056
1,dis_TRINITY_DN26198_c0_g2,171.094433
8,dis_TRINITY_DN262_c0_g1,219.822502
1,dis_TRINITY_DN2621_c0_g2,177.989712
8,dis_TRINITY_DN2622_c0_g3,152.240638
1,dis_TRINITY_DN2625_c0_g2,183.004047
1,dis_TRINITY_DN2626_c0_g4,129.123119
7,dis_TRINITY_DN2630_c0_g1,131.507913
1,dis_TRINITY_DN26406_c0_g1,149.157326
1,dis_TRINITY_DN26408_c0_g1,126.79952
8,dis_TRINITY_DN26457_c0_g1,129.067314
8,dis_TRINITY_DN26461_c0_g1,129.429707
2,dis_TRINITY_DN26474_c0_g1,277.50062
8,dis_TRINITY_DN26505_c0_g1,207.404761
1,dis_TRINITY_DN26512_c0_g1,207.639907
1,dis_TRINITY_DN26558_c0_g2,345.149677
1,dis_TRINITY_DN2659_c0_g2,298.46729300000004
1,dis_TRINITY_DN2661_c0_g1,191.857634
1,dis_TRINITY_DN2663_c0_g3,167.009955
8,dis_TRINITY_DN26640_c0_g1,137.978683
1,dis_TRINITY_DN2667_c0_g1,156.107444
8,dis_TRINITY_DN26723_c0_g1,163.955987
2,dis_TRINITY_DN26729_c0_g1,185.399777
8,dis_TRINITY_DN26731_c0_g1,438.841834
7,dis_TRINITY_DN2674_c0_g1,126
1,dis_TRINITY_DN26788_c0_g2,168.178386
1,dis_TRINITY_DN26838_c0_g1,235.358284
8,dis_TRINITY_DN2684_c0_g1,231.341569
2,dis_TRINITY_DN2688_c0_g1,134.086414
1,dis_TRINITY_DN26896_c0_g1,143.821626
1,dis_TRINITY_DN26912_c0_g1,151.622836
6,dis_TRINITY_DN2692_c0_g1,167.443439
1,dis_TRINITY_DN2693_c0_g5,147.089318
1,dis_TRINITY_DN2697_c0_g1,294.734026
1,dis_TRINITY_DN26988_c0_g1,166.67487599999998
1,dis_TRINITY_DN27_c0_g1,538.1026059999999
1,dis_TRINITY_DN27_c0_g2,128.308019
1,dis_TRINITY_DN2701_c0_g1,151.097412
1,dis_TRINITY_DN271_c0_g1,185.353461
1,dis_TRINITY_DN2711_c0_g1,128.736259
1,dis_TRINITY_DN2713_c0_g1,126
8,dis_TRINITY_DN27213_c0_g1,481.147424
2,dis_TRINITY_DN27243_c0_g1,159.695623
1,dis_TRINITY_DN2726_c0_g1,133.339812
8,dis_TRINITY_DN27317_c0_g1,126
7,dis_TRINITY_DN27354_c0_g2,811.670443
1,dis_TRINITY_DN27359_c0_g2,155.069568
1,dis_TRINITY_DN27373_c0_g1,206.95712
1,dis_TRINITY_DN274_c0_g1,146.004815
2,dis_TRINITY_DN27422_c0_g1,139.35073
1,dis_TRINITY_DN2747_c0_g4,126.52875
7,dis_TRINITY_DN27470_c1_g1,158.008725
7,dis_TRINITY_DN27477_c0_g1,146.328412
8,dis_TRINITY_DN2748_c0_g1,127.05288
1,dis_TRINITY_DN2750_c0_g2,144.692431
5,dis_TRINITY_DN27518_c0_g1,222.314185
7,dis_TRINITY_DN2757_c0_g1,147.45997
8,dis_TRINITY_DN2759_c0_g1,142.739917
1,dis_TRINITY_DN2767_c0_g1,147.567832
7,dis_TRINITY_DN2785_c0_g1,129.136336
1,dis_TRINITY_DN2789_c0_g1,157.998472
8,dis_TRINITY_DN28_c0_g2,129.893543
7,dis_TRINITY_DN28007_c0_g1,243.39171
7,dis_TRINITY_DN2802_c0_g1,1062.359275
7,dis_TRINITY_DN28021_c0_g1,322.686167
8,dis_TRINITY_DN2804_c0_g5,127.623858
8,dis_TRINITY_DN28041_c0_g1,639.314139
8,dis_TRINITY_DN2808_c0_g1,165.732247
8,dis_TRINITY_DN28082_c0_g2,479.851103
1,dis_TRINITY_DN2809_c0_g1,146.388499
8,dis_TRINITY_DN2814_c0_g6,149.346747
8,dis_TRINITY_DN28220_c0_g1,139.205661
8,dis_TRINITY_DN2827_c0_g2,134.144499
1,dis_TRINITY_DN28308_c0_g1,711.201345
8,dis_TRINITY_DN2833_c0_g1,162.62706500000002
7,dis_TRINITY_DN28348_c0_g2,165.421951
1,dis_TRINITY_DN2839_c0_g1,149.134316
1,dis_TRINITY_DN28443_c0_g1,138.977637
8,dis_TRINITY_DN28472_c0_g1,392.076662
2,dis_TRINITY_DN2848_c0_g1,134.375568
2,dis_TRINITY_DN28484_c0_g1,249.803952
8,dis_TRINITY_DN28504_c0_g1,203.865051
1,dis_TRINITY_DN2853_c4_g3,1341.5390400000001
8,dis_TRINITY_DN28569_c0_g2,140.22446
1,dis_TRINITY_DN28577_c0_g1,307.049524
7,dis_TRINITY_DN28593_c0_g1,163.268665
1,dis_TRINITY_DN286_c0_g1,289.638307
1,dis_TRINITY_DN2860_c0_g2,135.821882
8,dis_TRINITY_DN28664_c0_g2,128.302991
1,dis_TRINITY_DN28743_c0_g1,226.350325
7,dis_TRINITY_DN28749_c0_g1,206.390323
4,dis_TRINITY_DN28763_c0_g2,3349.256283
8,dis_TRINITY_DN2886_c0_g1,126.299389
1,dis_TRINITY_DN2887_c0_g1,129.347262
8,dis_TRINITY_DN28966_c0_g2,176.846531
8,dis_TRINITY_DN2899_c0_g1,210.578773
8,dis_TRINITY_DN29_c0_g1,321.004135
1,dis_TRINITY_DN29059_c0_g1,135.4316
6,dis_TRINITY_DN2917_c0_g1,128.065611
1,dis_TRINITY_DN2918_c0_g1,126
1,dis_TRINITY_DN29184_c0_g1,215.383418
1,dis_TRINITY_DN29267_c0_g1,269.705607
7,dis_TRINITY_DN29273_c0_g3,158.728409
8,dis_TRINITY_DN29313_c0_g4,286.598116
7,dis_TRINITY_DN29325_c0_g2,134.039912
8,dis_TRINITY_DN29325_c0_g3,132.75417
1,dis_TRINITY_DN2934_c0_g1,865.476387
8,dis_TRINITY_DN29347_c0_g1,156.195166
8,dis_TRINITY_DN2942_c0_g1,193.591222
8,dis_TRINITY_DN2943_c0_g1,128.884064
6,dis_TRINITY_DN29449_c0_g1,416.736889
7,dis_TRINITY_DN2947_c1_g2,128.030845
8,dis_TRINITY_DN2948_c0_g1,385.459841
1,dis_TRINITY_DN2951_c0_g1,538.4834089999999
8,dis_TRINITY_DN29542_c0_g1,146.05615
8,dis_TRINITY_DN29556_c0_g1,329.06039499999997
8,dis_TRINITY_DN29560_c0_g2,161.533946
1,dis_TRINITY_DN29578_c0_g2,262.709111
8,dis_TRINITY_DN29586_c0_g1,132.732857
1,dis_TRINITY_DN296_c0_g1,235.230015
1,dis_TRINITY_DN296_c0_g2,1013.174723
8,dis_TRINITY_DN2960_c0_g1,129.787594
8,dis_TRINITY_DN29600_c0_g1,136.911697
6,dis_TRINITY_DN29608_c0_g2,155.269042
2,dis_TRINITY_DN2961_c0_g1,126
8,dis_TRINITY_DN29614_c0_g1,346.97819000000004
8,dis_TRINITY_DN29625_c0_g1,189.953038
7,dis_TRINITY_DN29674_c0_g1,143.204436
2,dis_TRINITY_DN2968_c0_g2,135.091459
7,dis_TRINITY_DN29688_c0_g1,350.165501
8,dis_TRINITY_DN297_c0_g1,126
2,dis_TRINITY_DN29723_c0_g1,276.746207
1,dis_TRINITY_DN2982_c0_g1,141.371596
1,dis_TRINITY_DN2982_c0_g3,136.200953
7,dis_TRINITY_DN2982_c0_g4,127.920168
8,dis_TRINITY_DN29821_c0_g2,544.265695
1,dis_TRINITY_DN29876_c0_g2,132.322109
1,dis_TRINITY_DN29884_c0_g1,152.40504
6,dis_TRINITY_DN2989_c0_g1,154.926884
1,dis_TRINITY_DN2993_c1_g3,158.57183700000002
8,dis_TRINITY_DN29932_c0_g1,142.010935
1,dis_TRINITY_DN2994_c0_g1,316.305964
4,dis_TRINITY_DN30_c0_g1,576.641308
8,dis_TRINITY_DN30008_c1_g1,134.924729
8,dis_TRINITY_DN3001_c0_g1,126.513448
7,dis_TRINITY_DN30048_c0_g6,315.572865
8,dis_TRINITY_DN3008_c0_g2,150.127616
8,dis_TRINITY_DN301_c0_g1,140.437641
1,dis_TRINITY_DN30106_c0_g2,127.704869
1,dis_TRINITY_DN30135_c0_g1,132.990297
7,dis_TRINITY_DN3018_c0_g1,196.603875
7,dis_TRINITY_DN30208_c0_g1,129.211313
2,dis_TRINITY_DN3027_c0_g7,126
8,dis_TRINITY_DN3028_c0_g1,144.512594
1,dis_TRINITY_DN3034_c0_g2,134.340883
6,dis_TRINITY_DN3036_c0_g1,140.72985
8,dis_TRINITY_DN3039_c0_g2,127.031777
8,dis_TRINITY_DN3043_c0_g1,135.802263
2,dis_TRINITY_DN305_c0_g1,149.79278299999999
8,dis_TRINITY_DN30502_c0_g1,126
1,dis_TRINITY_DN30508_c0_g1,160.94894
2,dis_TRINITY_DN3053_c0_g4,233.530619
2,dis_TRINITY_DN30533_c0_g1,986.89102
8,dis_TRINITY_DN3066_c0_g4,321.005485
8,dis_TRINITY_DN3069_c0_g1,202.479822
1,dis_TRINITY_DN3072_c0_g1,168.17086799999998
8,dis_TRINITY_DN3085_c0_g2,181.688423
1,dis_TRINITY_DN3089_c0_g6,464.390631
8,dis_TRINITY_DN3090_c0_g2,164.868224
8,dis_TRINITY_DN3090_c0_g6,130.790526
7,dis_TRINITY_DN3091_c0_g1,881.632874
8,dis_TRINITY_DN3091_c0_g2,169.818648
8,dis_TRINITY_DN3094_c0_g2,148.194202
8,dis_TRINITY_DN3095_c0_g1,126.867236
6,dis_TRINITY_DN31_c0_g1,174.293998
6,dis_TRINITY_DN31080_c0_g1,143.626552
7,dis_TRINITY_DN3120_c0_g1,509.382949
8,dis_TRINITY_DN31242_c0_g1,126.08463
8,dis_TRINITY_DN3127_c0_g1,132.994778
8,dis_TRINITY_DN3130_c0_g2,150.637133
4,dis_TRINITY_DN3131_c0_g1,651.960584
1,dis_TRINITY_DN31335_c0_g1,127.137767
8,dis_TRINITY_DN31347_c0_g1,128.233965
1,dis_TRINITY_DN314_c0_g3,211.195493
1,dis_TRINITY_DN3140_c1_g1,203.910818
1,dis_TRINITY_DN3144_c0_g1,176.653811
7,dis_TRINITY_DN31488_c0_g1,208.731823
1,dis_TRINITY_DN3150_c0_g1,129.699014
1,dis_TRINITY_DN3151_c0_g5,144.679876
8,dis_TRINITY_DN3153_c0_g1,1580.801324
8,dis_TRINITY_DN31531_c0_g1,136.169465
8,dis_TRINITY_DN3155_c0_g1,134.871648
8,dis_TRINITY_DN3157_c0_g1,130.275185
2,dis_TRINITY_DN3157_c0_g2,131.96341
2,dis_TRINITY_DN3163_c1_g2,586.692994
8,dis_TRINITY_DN31646_c0_g1,138.811524
1,dis_TRINITY_DN31669_c1_g1,379.898564
1,dis_TRINITY_DN31669_c1_g2,314.902511
6,dis_TRINITY_DN31685_c0_g1,128.193094
1,dis_TRINITY_DN3170_c0_g1,439.865146
1,dis_TRINITY_DN3176_c0_g1,128.854027
2,dis_TRINITY_DN3182_c0_g1,147.405858
1,dis_TRINITY_DN31831_c0_g1,519.8854719999999
1,dis_TRINITY_DN31866_c0_g1,176.308772
6,dis_TRINITY_DN3187_c0_g1,157.951563
1,dis_TRINITY_DN31871_c0_g1,5300.995223
8,dis_TRINITY_DN31872_c0_g2,147.474378
1,dis_TRINITY_DN3189_c0_g1,132.955964
8,dis_TRINITY_DN3194_c0_g2,350.374347
7,dis_TRINITY_DN31952_c1_g1,126
1,dis_TRINITY_DN31959_c0_g1,226.091109
7,dis_TRINITY_DN32_c0_g3,131.126351
8,dis_TRINITY_DN32_c0_g5,151.698012
1,dis_TRINITY_DN32_c0_g6,142.297535
1,dis_TRINITY_DN320_c0_g1,165.367393
8,dis_TRINITY_DN320_c0_g4,127.375622
1,dis_TRINITY_DN32076_c0_g1,238.203722
8,dis_TRINITY_DN32088_c0_g1,136.906934
1,dis_TRINITY_DN321_c1_g3,158.40654899999998
8,dis_TRINITY_DN3215_c0_g1,591.348608
5,dis_TRINITY_DN32152_c0_g1,138.334241
1,dis_TRINITY_DN32187_c0_g1,145.407873
1,dis_TRINITY_DN32221_c0_g1,463.642599
1,dis_TRINITY_DN3223_c0_g1,145.892535
1,dis_TRINITY_DN3231_c0_g1,219.084864
7,dis_TRINITY_DN3237_c0_g1,145.49622
8,dis_TRINITY_DN3249_c0_g1,278.214086
8,dis_TRINITY_DN32491_c0_g1,149.359656
7,dis_TRINITY_DN325_c0_g1,131.032166
7,dis_TRINITY_DN3251_c0_g1,138.934922
8,dis_TRINITY_DN32514_c0_g1,218.659708
1,dis_TRINITY_DN3255_c0_g1,194.498745
8,dis_TRINITY_DN3258_c0_g1,126.537656
8,dis_TRINITY_DN32593_c0_g1,1744.407201
2,dis_TRINITY_DN3269_c0_g1,146.318903
8,dis_TRINITY_DN32777_c0_g1,139.304193
8,dis_TRINITY_DN32784_c0_g2,135.808563
1,dis_TRINITY_DN3279_c0_g1,156.001012
1,dis_TRINITY_DN328_c0_g4,135.042963
8,dis_TRINITY_DN3283_c0_g1,144.246232
1,dis_TRINITY_DN3284_c1_g2,147.449965
1,dis_TRINITY_DN32845_c0_g1,287.649399
1,dis_TRINITY_DN3285_c0_g3,158.956041
1,dis_TRINITY_DN32895_c0_g1,126.740632
5,dis_TRINITY_DN329_c0_g1,145.970547
1,dis_TRINITY_DN3291_c0_g1,127.852186
6,dis_TRINITY_DN32940_c0_g1,582.336742
8,dis_TRINITY_DN32985_c0_g1,139.897025
1,dis_TRINITY_DN3304_c0_g2,136.710102
1,dis_TRINITY_DN33055_c0_g1,131.00926
1,dis_TRINITY_DN3314_c0_g1,154.248498
2,dis_TRINITY_DN33173_c0_g1,144.864633
8,dis_TRINITY_DN3318_c0_g1,136.347542
1,dis_TRINITY_DN3319_c0_g1,349.405339
1,dis_TRINITY_DN33366_c0_g1,1168.584477
8,dis_TRINITY_DN3340_c0_g1,134.466089
2,dis_TRINITY_DN3344_c0_g1,305.858197
2,dis_TRINITY_DN3344_c0_g2,127.01478
1,dis_TRINITY_DN33467_c0_g4,187.66227
8,dis_TRINITY_DN3353_c0_g3,132.731534
1,dis_TRINITY_DN3359_c0_g1,132.425424
6,dis_TRINITY_DN3359_c0_g3,470.600252
1,dis_TRINITY_DN3363_c0_g4,881.370289
8,dis_TRINITY_DN33684_c0_g1,141.511622
1,dis_TRINITY_DN33799_c0_g1,126
7,dis_TRINITY_DN33846_c0_g1,153.677956
8,dis_TRINITY_DN3385_c0_g4,1014.592068
8,dis_TRINITY_DN3385_c0_g5,467.392193
1,dis_TRINITY_DN3387_c0_g3,1280.139943
7,dis_TRINITY_DN339_c0_g1,150.187385
1,dis_TRINITY_DN33940_c0_g1,141.344814
1,dis_TRINITY_DN34019_c0_g1,136.704259
8,dis_TRINITY_DN3411_c0_g1,142.629313
1,dis_TRINITY_DN34135_c0_g1,139.017531
8,dis_TRINITY_DN3418_c0_g1,158.684132
1,dis_TRINITY_DN34181_c0_g1,153.466741
8,dis_TRINITY_DN34210_c0_g1,152.501325
8,dis_TRINITY_DN34322_c0_g1,129.059099
1,dis_TRINITY_DN34336_c0_g1,141.582342
1,dis_TRINITY_DN34362_c0_g1,138.565896
1,dis_TRINITY_DN344_c0_g3,180.128771
1,dis_TRINITY_DN3444_c0_g1,126
7,dis_TRINITY_DN34494_c0_g2,154.713133
1,dis_TRINITY_DN34498_c0_g1,132.3941
8,dis_TRINITY_DN3453_c0_g4,133.219535
7,dis_TRINITY_DN34622_c0_g1,203.766358
8,dis_TRINITY_DN34668_c0_g1,142.385243
8,dis_TRINITY_DN3468_c0_g1,131.165782
1,dis_TRINITY_DN34684_c0_g1,137.342421
7,dis_TRINITY_DN34726_c0_g1,242.838219
1,dis_TRINITY_DN348_c0_g2,146.518364
1,dis_TRINITY_DN34850_c0_g1,126
8,dis_TRINITY_DN3488_c1_g1,128.786995
1,dis_TRINITY_DN3494_c0_g2,164.625108
2,dis_TRINITY_DN34964_c0_g1,139.095808
1,dis_TRINITY_DN34977_c0_g1,661.306685
7,dis_TRINITY_DN34987_c1_g1,184.182176
8,dis_TRINITY_DN3501_c0_g1,139.424481
8,dis_TRINITY_DN3504_c0_g2,270.877548
4,dis_TRINITY_DN3505_c0_g3,303.027962
8,dis_TRINITY_DN351_c0_g1,174.263753
1,dis_TRINITY_DN351_c0_g4,136.535225
8,dis_TRINITY_DN3519_c0_g1,149.793058
1,dis_TRINITY_DN3520_c0_g3,142.226781
2,dis_TRINITY_DN3520_c0_g4,147.650618
7,dis_TRINITY_DN35215_c0_g3,142.468906
1,dis_TRINITY_DN3523_c0_g2,160.16926999999998
1,dis_TRINITY_DN3525_c0_g1,134.556202
1,dis_TRINITY_DN3525_c0_g4,142.678815
7,dis_TRINITY_DN3548_c0_g1,126
1,dis_TRINITY_DN355_c0_g2,201.059716
1,dis_TRINITY_DN355_c0_g3,2334.290991
1,dis_TRINITY_DN35537_c0_g1,412.6079
8,dis_TRINITY_DN3554_c0_g1,126
5,dis_TRINITY_DN3558_c1_g5,166.800353
8,dis_TRINITY_DN35605_c0_g1,857.723568
7,dis_TRINITY_DN35650_c0_g1,218.913036
7,dis_TRINITY_DN3574_c0_g1,277.33819700000004
2,dis_TRINITY_DN35743_c0_g1,224.039927
1,dis_TRINITY_DN358_c0_g1,139.768765
8,dis_TRINITY_DN358_c0_g6,530.403423
2,dis_TRINITY_DN35807_c0_g1,155.751382
8,dis_TRINITY_DN3584_c0_g2,153.921953
1,dis_TRINITY_DN3586_c1_g1,332.85053300000004
1,dis_TRINITY_DN35862_c0_g1,126
1,dis_TRINITY_DN35862_c0_g3,126.304258
7,dis_TRINITY_DN35894_c0_g1,234.18709
1,dis_TRINITY_DN3590_c1_g1,140.240845
7,dis_TRINITY_DN360_c0_g1,332.065076
1,dis_TRINITY_DN3600_c0_g2,302.081092
8,dis_TRINITY_DN36029_c0_g2,242.841447
1,dis_TRINITY_DN3603_c0_g2,135.691604
8,dis_TRINITY_DN3609_c0_g3,153.732372
7,dis_TRINITY_DN3612_c0_g1,126
8,dis_TRINITY_DN36248_c0_g1,145.672041
7,dis_TRINITY_DN3633_c0_g3,126
1,dis_TRINITY_DN364_c0_g1,476.948313
7,dis_TRINITY_DN3642_c0_g1,148.762325
7,dis_TRINITY_DN36579_c0_g1,126.94698
1,dis_TRINITY_DN3663_c0_g1,168.356851
1,dis_TRINITY_DN3667_c0_g1,222.235164
7,dis_TRINITY_DN3671_c0_g1,133.486836
8,dis_TRINITY_DN36736_c0_g1,2633.344274
2,dis_TRINITY_DN3674_c0_g1,214.553139
1,dis_TRINITY_DN3692_c0_g1,551.032023
1,dis_TRINITY_DN36962_c0_g1,236.237836
1,dis_TRINITY_DN372_c0_g1,374.299473
1,dis_TRINITY_DN372_c0_g2,131.567863
1,dis_TRINITY_DN3720_c0_g1,138.929476
2,dis_TRINITY_DN3728_c1_g7,398.510634
1,dis_TRINITY_DN3735_c0_g4,136.253627
6,dis_TRINITY_DN37453_c0_g1,764.794291
1,dis_TRINITY_DN37464_c0_g1,350.416511
3,dis_TRINITY_DN3747_c0_g1,126.210428
2,dis_TRINITY_DN3747_c0_g6,126
7,dis_TRINITY_DN3750_c0_g8,198.053339
8,dis_TRINITY_DN3753_c0_g4,129.357106
1,dis_TRINITY_DN376_c0_g1,189.0034
1,dis_TRINITY_DN37607_c0_g1,126.934633
8,dis_TRINITY_DN37773_c0_g1,146.128409
8,dis_TRINITY_DN37783_c0_g1,139.265516
7,dis_TRINITY_DN3780_c0_g1,126.218175
8,dis_TRINITY_DN3780_c0_g3,126.18359
7,dis_TRINITY_DN379_c0_g2,126.29451
8,dis_TRINITY_DN3790_c0_g7,140.108827
2,dis_TRINITY_DN3793_c0_g5,179.913136
8,dis_TRINITY_DN3799_c0_g6,137.357711
1,dis_TRINITY_DN380_c0_g3,549.5805230000001
8,dis_TRINITY_DN3802_c0_g1,886.439361
1,dis_TRINITY_DN38152_c0_g1,144.294406
8,dis_TRINITY_DN38171_c0_g2,141.431073
2,dis_TRINITY_DN38237_c0_g3,165.240817
1,dis_TRINITY_DN38246_c0_g1,768.934916
8,dis_TRINITY_DN38268_c0_g2,158.176832
8,dis_TRINITY_DN3827_c0_g3,1857.190144
8,dis_TRINITY_DN3828_c0_g2,159.488158
8,dis_TRINITY_DN3833_c0_g2,922.469108
1,dis_TRINITY_DN38391_c0_g1,143.850289
1,dis_TRINITY_DN38427_c0_g1,1821.547651
1,dis_TRINITY_DN3845_c0_g2,126
8,dis_TRINITY_DN3852_c0_g1,126.545422
1,dis_TRINITY_DN3852_c0_g2,147.563865
1,dis_TRINITY_DN3858_c0_g2,145.913895
1,dis_TRINITY_DN386_c0_g1,126
1,dis_TRINITY_DN3860_c0_g1,1623.683462
8,dis_TRINITY_DN3860_c0_g9,319.17222000000004
1,dis_TRINITY_DN3883_c0_g1,358.041074
8,dis_TRINITY_DN3885_c0_g1,134.275995
7,dis_TRINITY_DN3887_c2_g1,150.936166
2,dis_TRINITY_DN3893_c0_g2,173.709826
8,dis_TRINITY_DN3895_c2_g1,136.469095
1,dis_TRINITY_DN3896_c0_g2,185.699455
1,dis_TRINITY_DN38970_c0_g3,143.814686
7,dis_TRINITY_DN3898_c0_g1,359.78801799999997
1,dis_TRINITY_DN3900_c0_g1,266.98395600000003
1,dis_TRINITY_DN3907_c0_g1,126.87318
1,dis_TRINITY_DN3909_c0_g1,129.939277
7,dis_TRINITY_DN3920_c0_g3,138.241226
1,dis_TRINITY_DN39298_c0_g1,130.701243
8,dis_TRINITY_DN39303_c0_g1,493.423982
8,dis_TRINITY_DN39315_c0_g1,150.091598
1,dis_TRINITY_DN3934_c0_g1,147.377146
1,dis_TRINITY_DN3940_c0_g1,134.824417
6,dis_TRINITY_DN3942_c0_g1,183.06895599999999
1,dis_TRINITY_DN39425_c0_g1,176.208534
7,dis_TRINITY_DN39454_c0_g1,126.446604
7,dis_TRINITY_DN3959_c0_g2,151.687029
1,dis_TRINITY_DN3964_c0_g6,132.563922
8,dis_TRINITY_DN3968_c0_g1,401.447755
8,dis_TRINITY_DN3973_c0_g1,140.813589
1,dis_TRINITY_DN39743_c0_g1,205.952687
1,dis_TRINITY_DN398_c0_g1,148.258105
8,dis_TRINITY_DN39866_c0_g1,294.22796600000004
2,dis_TRINITY_DN3989_c0_g1,126
1,dis_TRINITY_DN3998_c0_g1,153.505169
2,dis_TRINITY_DN40026_c0_g1,137.1436
6,dis_TRINITY_DN40057_c0_g1,174.474693
8,dis_TRINITY_DN4007_c0_g4,187.764963
8,dis_TRINITY_DN40090_c0_g2,160.911119
7,dis_TRINITY_DN401_c0_g1,148.617683
8,dis_TRINITY_DN40134_c0_g2,226.41915
1,dis_TRINITY_DN4015_c1_g1,145.745707
8,dis_TRINITY_DN4018_c0_g1,347.419191
8,dis_TRINITY_DN4022_c0_g5,179.678136
7,dis_TRINITY_DN40329_c0_g1,242.636905
8,dis_TRINITY_DN40526_c0_g1,140.253803
7,dis_TRINITY_DN4055_c0_g4,154.46658
8,dis_TRINITY_DN4058_c0_g3,747.074696
2,dis_TRINITY_DN4062_c0_g1,133.302051
2,dis_TRINITY_DN40675_c0_g1,145.732523
8,dis_TRINITY_DN4069_c0_g1,142.18755
1,dis_TRINITY_DN4071_c0_g2,178.386423
1,dis_TRINITY_DN40757_c0_g1,129.639025
8,dis_TRINITY_DN4076_c0_g1,174.810158
8,dis_TRINITY_DN4077_c0_g1,140.503886
8,dis_TRINITY_DN4084_c0_g1,126
8,dis_TRINITY_DN40885_c0_g1,132.75968
7,dis_TRINITY_DN4090_c0_g1,131.933838
7,dis_TRINITY_DN4097_c0_g3,138.069226
7,dis_TRINITY_DN4098_c0_g3,126
1,dis_TRINITY_DN41000_c0_g1,257.052644
6,dis_TRINITY_DN4103_c0_g1,383.915765
1,dis_TRINITY_DN4105_c0_g1,297.380675
7,dis_TRINITY_DN4106_c0_g1,140.4779
1,dis_TRINITY_DN4108_c0_g1,683.97154
8,dis_TRINITY_DN4109_c0_g3,691.386534
8,dis_TRINITY_DN4123_c0_g5,138.306466
1,dis_TRINITY_DN4130_c0_g4,177.764923
8,dis_TRINITY_DN41319_c0_g1,134.435677
8,dis_TRINITY_DN4134_c0_g1,135.601733
8,dis_TRINITY_DN4137_c0_g1,141.356191
8,dis_TRINITY_DN4139_c0_g7,162.298801
8,dis_TRINITY_DN4145_c0_g2,414.487142
1,dis_TRINITY_DN41462_c0_g1,166.510675
1,dis_TRINITY_DN41482_c0_g1,140.532181
1,dis_TRINITY_DN41690_c0_g1,318.22141999999997
8,dis_TRINITY_DN41828_c0_g1,143.995697
1,dis_TRINITY_DN41849_c0_g1,214.161728
1,dis_TRINITY_DN4187_c0_g1,201.322587
7,dis_TRINITY_DN41891_c0_g1,136.932791
8,dis_TRINITY_DN41909_c0_g1,127.302891
1,dis_TRINITY_DN4200_c0_g2,301.54625699999997
8,dis_TRINITY_DN42058_c0_g1,157.278427
8,dis_TRINITY_DN4207_c0_g1,357.62069199999996
8,dis_TRINITY_DN42109_c0_g1,253.838716
8,dis_TRINITY_DN42145_c0_g1,152.813251
8,dis_TRINITY_DN4217_c0_g1,134.305591
8,dis_TRINITY_DN4217_c0_g2,126
8,dis_TRINITY_DN42179_c0_g1,442.650031
7,dis_TRINITY_DN4218_c0_g3,128.993936
7,dis_TRINITY_DN42198_c0_g2,439.86539
8,dis_TRINITY_DN42352_c0_g1,164.362059
8,dis_TRINITY_DN4239_c0_g4,143.596934
8,dis_TRINITY_DN4239_c0_g6,166.032184
3,dis_TRINITY_DN424_c0_g1,184.46384
8,dis_TRINITY_DN4243_c0_g1,140.276269
1,dis_TRINITY_DN4244_c0_g1,158.816841
6,dis_TRINITY_DN4248_c3_g2,836.411524
1,dis_TRINITY_DN42482_c0_g1,227.805123
2,dis_TRINITY_DN42492_c0_g1,140.44374
8,dis_TRINITY_DN4255_c0_g3,160.186026
4,dis_TRINITY_DN42550_c0_g1,161.585885
1,dis_TRINITY_DN42623_c0_g2,215.269067
1,dis_TRINITY_DN42683_c0_g1,1198.304329
1,dis_TRINITY_DN4270_c0_g1,142.673766
7,dis_TRINITY_DN42730_c0_g1,168.399371
1,dis_TRINITY_DN428_c0_g1,307.797057
8,dis_TRINITY_DN4280_c0_g3,147.773231
1,dis_TRINITY_DN4281_c0_g1,129.991649
1,dis_TRINITY_DN42812_c0_g1,249.429347
7,dis_TRINITY_DN4285_c0_g1,126.425073
1,dis_TRINITY_DN42864_c0_g1,256.41348700000003
7,dis_TRINITY_DN42896_c0_g1,185.703412
1,dis_TRINITY_DN4296_c0_g1,152.22348399999998
8,dis_TRINITY_DN4299_c0_g3,199.240593
1,dis_TRINITY_DN430_c0_g1,126
8,dis_TRINITY_DN43151_c0_g1,330.597177
1,dis_TRINITY_DN4318_c0_g1,281.401437
8,dis_TRINITY_DN43191_c0_g1,198.554851
8,dis_TRINITY_DN43201_c0_g1,134.299643
7,dis_TRINITY_DN43249_c0_g1,165.406172
1,dis_TRINITY_DN43286_c0_g1,132.945655
8,dis_TRINITY_DN43290_c0_g1,773.168651
7,dis_TRINITY_DN43309_c0_g1,673.78047
2,dis_TRINITY_DN4341_c0_g1,178.314034
7,dis_TRINITY_DN43413_c0_g1,143.28707
1,dis_TRINITY_DN43435_c0_g1,584.697234
3,dis_TRINITY_DN4344_c1_g1,333.547276
7,dis_TRINITY_DN43488_c0_g1,128.183358
7,dis_TRINITY_DN43563_c0_g1,135.671118
8,dis_TRINITY_DN43594_c0_g1,127.563447
4,dis_TRINITY_DN4365_c0_g1,342.912799
7,dis_TRINITY_DN43690_c0_g1,128.75299
7,dis_TRINITY_DN43700_c0_g1,33590.116674
8,dis_TRINITY_DN4377_c0_g2,145.185177
3,dis_TRINITY_DN4385_c0_g1,941.713776
1,dis_TRINITY_DN439_c0_g2,126
8,dis_TRINITY_DN4390_c0_g1,141.200008
8,dis_TRINITY_DN4398_c0_g2,495.314798
1,dis_TRINITY_DN440_c0_g1,135.434381
1,dis_TRINITY_DN4403_c0_g7,143.028787
8,dis_TRINITY_DN4404_c0_g5,232.282367
1,dis_TRINITY_DN4421_c0_g4,448.621239
1,dis_TRINITY_DN4426_c0_g2,838.225993
1,dis_TRINITY_DN44289_c0_g3,157.106724
8,dis_TRINITY_DN443_c0_g1,185.81095
8,dis_TRINITY_DN4432_c0_g1,210.199881
1,dis_TRINITY_DN4458_c0_g1,126.392027
7,dis_TRINITY_DN44601_c0_g1,159.355886
1,dis_TRINITY_DN4462_c0_g3,170.290293
1,dis_TRINITY_DN4469_c0_g1,159.87506100000002
8,dis_TRINITY_DN4478_c0_g1,137.495045
1,dis_TRINITY_DN4479_c0_g1,141.534188
1,dis_TRINITY_DN4483_c0_g2,151.040258
1,dis_TRINITY_DN449_c0_g1,239.688016
8,dis_TRINITY_DN4505_c0_g2,1420.550387
1,dis_TRINITY_DN45103_c0_g1,126.432698
1,dis_TRINITY_DN45170_c0_g1,141.060826
7,dis_TRINITY_DN45236_c0_g1,158.128209
1,dis_TRINITY_DN4531_c0_g1,129.844237
1,dis_TRINITY_DN4533_c0_g1,879.925606
1,dis_TRINITY_DN45365_c0_g1,233.023035
5,dis_TRINITY_DN4538_c0_g1,126
1,dis_TRINITY_DN4548_c0_g1,321.819487
8,dis_TRINITY_DN45483_c0_g1,126
8,dis_TRINITY_DN4551_c0_g1,169.389291
1,dis_TRINITY_DN4552_c0_g1,392.608832
1,dis_TRINITY_DN4558_c0_g1,441.133092
8,dis_TRINITY_DN4559_c0_g6,173.515005
6,dis_TRINITY_DN4562_c0_g2,139.702188
1,dis_TRINITY_DN458_c0_g2,134.051599
1,dis_TRINITY_DN4581_c0_g1,185.228346
1,dis_TRINITY_DN4583_c1_g1,262.33279200000004
7,dis_TRINITY_DN4590_c0_g1,259.508936
1,dis_TRINITY_DN45940_c0_g1,1025.108408
1,dis_TRINITY_DN4595_c0_g1,186.145311
1,dis_TRINITY_DN46006_c0_g1,268.533327
1,dis_TRINITY_DN4615_c0_g1,2473.465334
1,dis_TRINITY_DN46193_c0_g1,145.583999
8,dis_TRINITY_DN4622_c0_g1,359.59882200000004
4,dis_TRINITY_DN46274_c0_g1,257.470458
1,dis_TRINITY_DN4630_c0_g2,156.193343
1,dis_TRINITY_DN46321_c0_g2,190.828014
1,dis_TRINITY_DN4640_c0_g1,246.009264
2,dis_TRINITY_DN4642_c0_g1,129.855259
7,dis_TRINITY_DN46514_c0_g3,323.708758
1,dis_TRINITY_DN4661_c0_g1,127.18401
4,dis_TRINITY_DN4661_c0_g2,1405.420018
7,dis_TRINITY_DN46653_c0_g1,300.764024
1,dis_TRINITY_DN4666_c0_g4,135.505926
1,dis_TRINITY_DN46782_c0_g1,211.63549
8,dis_TRINITY_DN46784_c0_g1,305.529833
1,dis_TRINITY_DN46826_c0_g1,145.23091
1,dis_TRINITY_DN46859_c0_g1,226.224385
1,dis_TRINITY_DN4687_c0_g1,168.89619
1,dis_TRINITY_DN46937_c0_g1,171.539854
1,dis_TRINITY_DN46969_c0_g1,188.862266
1,dis_TRINITY_DN4704_c0_g1,459.68439
1,dis_TRINITY_DN47082_c0_g1,1156.054009
2,dis_TRINITY_DN4713_c0_g1,360.335148
1,dis_TRINITY_DN472_c0_g1,164.763665
8,dis_TRINITY_DN4721_c0_g5,142.78444100000002
1,dis_TRINITY_DN4727_c0_g2,138.932904
8,dis_TRINITY_DN4734_c0_g1,162.761372
1,dis_TRINITY_DN4736_c0_g1,182.799724
1,dis_TRINITY_DN4738_c1_g1,215.747956
7,dis_TRINITY_DN474_c1_g4,128.273143
7,dis_TRINITY_DN4740_c0_g4,136.498382
8,dis_TRINITY_DN4741_c0_g3,593.306589
8,dis_TRINITY_DN47520_c0_g3,127.075531
1,dis_TRINITY_DN4756_c0_g3,126
1,dis_TRINITY_DN4781_c0_g1,138.63462
1,dis_TRINITY_DN4786_c0_g2,159.877548
1,dis_TRINITY_DN47863_c0_g1,136.74797
1,dis_TRINITY_DN47880_c0_g1,157.5222
1,dis_TRINITY_DN4793_c0_g1,169.618765
7,dis_TRINITY_DN4798_c0_g3,126
1,dis_TRINITY_DN4800_c0_g1,145.853159
1,dis_TRINITY_DN48215_c0_g1,127.728711
1,dis_TRINITY_DN48292_c0_g1,635.232853
6,dis_TRINITY_DN4830_c0_g1,310.214372
1,dis_TRINITY_DN4844_c0_g1,159.96062
1,dis_TRINITY_DN48446_c0_g4,142.413589
1,dis_TRINITY_DN4847_c0_g2,146.47258
1,dis_TRINITY_DN4853_c0_g2,136.893468
1,dis_TRINITY_DN48641_c0_g1,140.131159
7,dis_TRINITY_DN48719_c0_g1,149.831918
5,dis_TRINITY_DN48780_c0_g1,147.676473
8,dis_TRINITY_DN4885_c0_g1,397.308547
8,dis_TRINITY_DN48864_c0_g3,131.459913
8,dis_TRINITY_DN4887_c0_g1,492.582615
1,dis_TRINITY_DN48888_c0_g1,161.008493
1,dis_TRINITY_DN48988_c0_g1,211.45454
1,dis_TRINITY_DN49_c0_g2,220.093432
2,dis_TRINITY_DN491_c0_g1,139.63497
1,dis_TRINITY_DN4926_c0_g3,127.246471
8,dis_TRINITY_DN49279_c0_g1,266.240321
7,dis_TRINITY_DN4929_c0_g2,1916.868815
1,dis_TRINITY_DN4932_c0_g1,133.068079
1,dis_TRINITY_DN4932_c0_g4,163.266323
1,dis_TRINITY_DN49352_c0_g1,236.232682
8,dis_TRINITY_DN49531_c0_g1,149.517487
2,dis_TRINITY_DN49544_c0_g1,227.917185
5,dis_TRINITY_DN49544_c0_g2,144.106685
7,dis_TRINITY_DN4957_c0_g1,181.773539
1,dis_TRINITY_DN4961_c0_g1,325.749432
8,dis_TRINITY_DN49615_c0_g1,130.968951
7,dis_TRINITY_DN49649_c0_g1,175.204905
7,dis_TRINITY_DN49661_c0_g1,294.373382
1,dis_TRINITY_DN4975_c0_g2,135.07994
1,dis_TRINITY_DN49779_c0_g1,529.997441
5,dis_TRINITY_DN4982_c0_g1,221.541526
1,dis_TRINITY_DN4984_c0_g1,636.6411049999999
1,dis_TRINITY_DN49868_c0_g1,245.466002
7,dis_TRINITY_DN4997_c0_g2,139.704342
6,dis_TRINITY_DN5_c0_g1,128.408411
7,dis_TRINITY_DN5002_c0_g1,466.342574
1,dis_TRINITY_DN5004_c0_g1,387.331639
8,dis_TRINITY_DN5006_c0_g1,155.136527
8,dis_TRINITY_DN5007_c0_g1,298.677327
8,dis_TRINITY_DN5008_c0_g3,155.571233
8,dis_TRINITY_DN5008_c0_g5,135.667643
7,dis_TRINITY_DN50205_c0_g2,154.0761
7,dis_TRINITY_DN5026_c0_g2,212.490278
7,dis_TRINITY_DN5027_c0_g1,371.233154
8,dis_TRINITY_DN503_c0_g1,166.206669
1,dis_TRINITY_DN5032_c0_g1,182.82359
3,dis_TRINITY_DN5036_c0_g1,143.675491
1,dis_TRINITY_DN505_c0_g1,130.738916
1,dis_TRINITY_DN5053_c0_g1,129.319642
8,dis_TRINITY_DN50611_c0_g1,141.763488
8,dis_TRINITY_DN50670_c0_g1,195.670804
8,dis_TRINITY_DN5068_c0_g1,3840.813111
7,dis_TRINITY_DN50695_c0_g1,141.324296
1,dis_TRINITY_DN507_c0_g1,138.020603
8,dis_TRINITY_DN5071_c0_g3,132.553754
1,dis_TRINITY_DN5071_c0_g4,291.173657
7,dis_TRINITY_DN5073_c0_g2,141.106331
8,dis_TRINITY_DN5076_c0_g1,126
8,dis_TRINITY_DN50837_c0_g1,146.486297
7,dis_TRINITY_DN5088_c1_g3,134.802966
8,dis_TRINITY_DN5089_c0_g1,151.916702
1,dis_TRINITY_DN5092_c0_g1,246.253546
1,dis_TRINITY_DN5096_c0_g1,179.151006
8,dis_TRINITY_DN5100_c0_g3,145.548148
1,dis_TRINITY_DN5102_c0_g1,4500.658793
1,dis_TRINITY_DN51063_c0_g1,138.201688
2,dis_TRINITY_DN51110_c0_g1,133.324016
6,dis_TRINITY_DN51126_c0_g2,138.23301
1,dis_TRINITY_DN51143_c0_g1,1147.837209
1,dis_TRINITY_DN5121_c0_g1,252.467073
8,dis_TRINITY_DN51230_c0_g1,174.373632
1,dis_TRINITY_DN5130_c0_g1,195.644069
1,dis_TRINITY_DN5132_c0_g2,716.661506
8,dis_TRINITY_DN5136_c0_g2,448.053746
1,dis_TRINITY_DN51374_c0_g1,135.909516
1,dis_TRINITY_DN514_c0_g2,142.382708
8,dis_TRINITY_DN5143_c0_g4,140.097759
8,dis_TRINITY_DN5144_c0_g1,153.990787
1,dis_TRINITY_DN5146_c0_g2,127.359134
1,dis_TRINITY_DN51479_c0_g1,134.909145
1,dis_TRINITY_DN5152_c0_g3,146.753553
1,dis_TRINITY_DN51588_c0_g1,138.781423
8,dis_TRINITY_DN51614_c0_g1,188.79449
1,dis_TRINITY_DN51664_c0_g1,135.170929
6,dis_TRINITY_DN51687_c0_g1,230.175227
8,dis_TRINITY_DN51698_c0_g1,150.495807
6,dis_TRINITY_DN51699_c0_g1,175.80084399999998
1,dis_TRINITY_DN5174_c0_g1,127.967922
8,dis_TRINITY_DN51757_c0_g1,137.779551
8,dis_TRINITY_DN5179_c0_g1,133.621249
1,dis_TRINITY_DN51846_c0_g1,136.252093
1,dis_TRINITY_DN5201_c0_g1,548.7111970000001
8,dis_TRINITY_DN5203_c0_g3,126.720296
8,dis_TRINITY_DN5225_c0_g2,130.218207
8,dis_TRINITY_DN5226_c0_g1,159.572236
1,dis_TRINITY_DN523_c0_g1,1414.011085
1,dis_TRINITY_DN52441_c0_g3,202.316895
7,dis_TRINITY_DN5247_c0_g2,139.560912
1,dis_TRINITY_DN5255_c0_g1,129.329892
1,dis_TRINITY_DN5268_c0_g1,145.015127
8,dis_TRINITY_DN5268_c0_g3,240.585151
7,dis_TRINITY_DN5270_c0_g1,153.019028
4,dis_TRINITY_DN5271_c0_g3,131.321365
1,dis_TRINITY_DN5272_c0_g1,187.690183
8,dis_TRINITY_DN5275_c0_g4,1287.653233
8,dis_TRINITY_DN5285_c0_g1,151.985842
7,dis_TRINITY_DN52935_c0_g3,180.466626
8,dis_TRINITY_DN5304_c0_g2,139.848115
1,dis_TRINITY_DN5308_c0_g1,127.482789
2,dis_TRINITY_DN5315_c0_g3,192.58917
8,dis_TRINITY_DN5324_c0_g2,132.092203
7,dis_TRINITY_DN5325_c0_g1,146.287894
8,dis_TRINITY_DN5333_c0_g1,128.20345
7,dis_TRINITY_DN53396_c0_g2,188.557814
2,dis_TRINITY_DN5348_c0_g1,361.298121
1,dis_TRINITY_DN5351_c0_g1,174.286951
7,dis_TRINITY_DN5352_c0_g1,171.536507
1,dis_TRINITY_DN5359_c0_g1,150.98304
1,dis_TRINITY_DN539_c0_g2,135.129191
2,dis_TRINITY_DN5410_c0_g5,693.109793
8,dis_TRINITY_DN5416_c0_g2,129.171274
5,dis_TRINITY_DN54239_c0_g1,126.563889
1,dis_TRINITY_DN5426_c0_g1,126
8,dis_TRINITY_DN5436_c0_g1,126
1,dis_TRINITY_DN544_c0_g1,129.949716
8,dis_TRINITY_DN5448_c0_g3,408.418097
8,dis_TRINITY_DN54520_c0_g1,396.882156
8,dis_TRINITY_DN54668_c0_g1,155.207959
7,dis_TRINITY_DN5467_c0_g1,127.412606
1,dis_TRINITY_DN5468_c0_g1,1011.06876
1,dis_TRINITY_DN5471_c1_g1,176.394109
1,dis_TRINITY_DN5476_c0_g1,144.136197
8,dis_TRINITY_DN5476_c0_g2,153.053195
1,dis_TRINITY_DN5480_c0_g1,196.271363
1,dis_TRINITY_DN5491_c1_g8,145.678052
7,dis_TRINITY_DN5499_c0_g1,203.206425
1,dis_TRINITY_DN55_c0_g1,320.16054399999996
4,dis_TRINITY_DN5500_c0_g1,128.786267
1,dis_TRINITY_DN5514_c0_g3,612.608491
2,dis_TRINITY_DN5516_c0_g1,136.610495
2,dis_TRINITY_DN5518_c0_g3,646.410603
8,dis_TRINITY_DN55264_c0_g1,141.060105
7,dis_TRINITY_DN5527_c0_g2,159.409854
7,dis_TRINITY_DN5529_c0_g1,137.825178
5,dis_TRINITY_DN55356_c0_g1,165.745827
7,dis_TRINITY_DN5537_c0_g1,126
1,dis_TRINITY_DN5545_c0_g2,189.866378
1,dis_TRINITY_DN555_c0_g1,410.181056
8,dis_TRINITY_DN55617_c0_g1,132.477703
1,dis_TRINITY_DN5562_c0_g1,179.893259
1,dis_TRINITY_DN55637_c0_g1,144.576556
1,dis_TRINITY_DN5566_c2_g2,173.301909
1,dis_TRINITY_DN5568_c0_g4,128.285
1,dis_TRINITY_DN5568_c0_g5,160.314671
2,dis_TRINITY_DN5568_c0_g8,158.778536
1,dis_TRINITY_DN55681_c0_g2,173.072371
1,dis_TRINITY_DN5580_c0_g2,479.445511
8,dis_TRINITY_DN559_c0_g1,134.335461
8,dis_TRINITY_DN559_c0_g3,132.44
6,dis_TRINITY_DN5601_c0_g2,679.16334
1,dis_TRINITY_DN5602_c0_g6,159.14298200000002
1,dis_TRINITY_DN5608_c0_g1,140.486085
3,dis_TRINITY_DN5612_c0_g3,126
7,dis_TRINITY_DN563_c0_g2,129.691524
8,dis_TRINITY_DN5631_c0_g3,135.379932
8,dis_TRINITY_DN56350_c0_g1,168.905924
2,dis_TRINITY_DN5641_c0_g2,149.819665
7,dis_TRINITY_DN5643_c0_g2,169.63688200000001
8,dis_TRINITY_DN56667_c0_g1,156.891051
1,dis_TRINITY_DN56793_c0_g1,150.646068
1,dis_TRINITY_DN5687_c6_g1,145.275128
4,dis_TRINITY_DN569_c0_g3,238.901483
8,dis_TRINITY_DN570_c0_g1,133.227032
1,dis_TRINITY_DN5701_c0_g1,221.763321
1,dis_TRINITY_DN5702_c0_g2,462.725252
8,dis_TRINITY_DN5754_c0_g1,130.294159
1,dis_TRINITY_DN5761_c0_g2,160.962472
8,dis_TRINITY_DN5764_c0_g3,130.874459
1,dis_TRINITY_DN5781_c0_g2,372.934101
1,dis_TRINITY_DN5794_c0_g1,866.305812
1,dis_TRINITY_DN57957_c0_g1,126
1,dis_TRINITY_DN5799_c0_g1,381.892285
8,dis_TRINITY_DN5805_c0_g6,127.40749
1,dis_TRINITY_DN5809_c0_g1,128.530609
1,dis_TRINITY_DN58160_c0_g1,1626.859891
1,dis_TRINITY_DN58221_c0_g1,145.402742
1,dis_TRINITY_DN58281_c0_g2,126
8,dis_TRINITY_DN58281_c0_g4,147.215928
8,dis_TRINITY_DN5842_c0_g1,162.248917
1,dis_TRINITY_DN58434_c0_g1,145.972523
2,dis_TRINITY_DN5861_c0_g8,577.069432
2,dis_TRINITY_DN58757_c0_g1,216.481317
8,dis_TRINITY_DN5877_c0_g1,318.913519
1,dis_TRINITY_DN5878_c0_g1,163.149846
1,dis_TRINITY_DN588_c0_g1,126
1,dis_TRINITY_DN5890_c0_g2,224.033913
1,dis_TRINITY_DN59073_c0_g1,253.413014
1,dis_TRINITY_DN591_c0_g1,148.714859
1,dis_TRINITY_DN5911_c0_g1,208.04373
1,dis_TRINITY_DN5911_c0_g3,178.825292
7,dis_TRINITY_DN5912_c0_g1,173.619015
7,dis_TRINITY_DN5917_c0_g1,128.20943
8,dis_TRINITY_DN5924_c0_g2,127.46952
8,dis_TRINITY_DN5925_c0_g1,380.516643
1,dis_TRINITY_DN5942_c0_g1,173.393844
8,dis_TRINITY_DN5945_c0_g1,147.33516600000002
8,dis_TRINITY_DN5945_c0_g3,159.70243299999998
8,dis_TRINITY_DN5953_c0_g1,140.146511
1,dis_TRINITY_DN5955_c0_g1,133.522671
1,dis_TRINITY_DN5970_c0_g1,156.134422
8,dis_TRINITY_DN5972_c0_g1,358.246036
2,dis_TRINITY_DN5979_c0_g1,126.760905
1,dis_TRINITY_DN598_c0_g1,126.84835
1,dis_TRINITY_DN598_c0_g3,129.743383
8,dis_TRINITY_DN598_c0_g4,153.183694
8,dis_TRINITY_DN5985_c0_g2,462.896955
8,dis_TRINITY_DN59918_c0_g1,127.870169
2,dis_TRINITY_DN6001_c0_g2,401.708558
1,dis_TRINITY_DN6004_c0_g3,150.936102
8,dis_TRINITY_DN6009_c0_g2,538.7697009999999
4,dis_TRINITY_DN602_c0_g2,251.252982
8,dis_TRINITY_DN6026_c0_g1,142.920362
1,dis_TRINITY_DN6028_c0_g1,252.05367
8,dis_TRINITY_DN603_c0_g1,152.613291
1,dis_TRINITY_DN6046_c0_g1,128.213095
2,dis_TRINITY_DN6079_c0_g2,199.74785
2,dis_TRINITY_DN608_c0_g2,315.119369
8,dis_TRINITY_DN60927_c0_g1,126.443832
1,dis_TRINITY_DN6094_c0_g1,129.509046
7,dis_TRINITY_DN6094_c0_g2,249.934574
8,dis_TRINITY_DN61_c0_g1,140.944832
1,dis_TRINITY_DN610_c0_g1,182.008417
1,dis_TRINITY_DN6102_c0_g1,149.237665
8,dis_TRINITY_DN6110_c0_g3,2229.265531
2,dis_TRINITY_DN6111_c0_g1,178.785929
7,dis_TRINITY_DN6112_c0_g1,395.032752
8,dis_TRINITY_DN6119_c0_g1,166.775739
1,dis_TRINITY_DN6149_c0_g1,153.120819
1,dis_TRINITY_DN6150_c0_g1,171.938549
1,dis_TRINITY_DN6154_c0_g1,151.964941
8,dis_TRINITY_DN6159_c0_g1,126
1,dis_TRINITY_DN6160_c0_g1,146.408959
8,dis_TRINITY_DN6160_c0_g3,294.45066199999997
8,dis_TRINITY_DN6172_c1_g1,237.361949
8,dis_TRINITY_DN6180_c0_g2,135.360412
8,dis_TRINITY_DN6190_c0_g1,369.788963
1,dis_TRINITY_DN6209_c0_g1,136.000337
8,dis_TRINITY_DN621_c0_g2,151.79695
8,dis_TRINITY_DN621_c0_g4,166.75
8,dis_TRINITY_DN6227_c0_g2,129.826319
1,dis_TRINITY_DN6233_c0_g1,126
1,dis_TRINITY_DN6243_c0_g1,168.165814
1,dis_TRINITY_DN6243_c0_g2,130.392057
1,dis_TRINITY_DN6274_c0_g1,228.262665
1,dis_TRINITY_DN629_c0_g1,167.475391
8,dis_TRINITY_DN63_c0_g1,133.602027
7,dis_TRINITY_DN6307_c0_g1,156.120022
1,dis_TRINITY_DN6307_c0_g6,146.016346
8,dis_TRINITY_DN63856_c0_g1,127.163033
2,dis_TRINITY_DN6389_c0_g1,187.554754
1,dis_TRINITY_DN64_c0_g1,152.023192
1,dis_TRINITY_DN6413_c0_g1,317.44341299999996
7,dis_TRINITY_DN6420_c0_g2,126
7,dis_TRINITY_DN6420_c0_g5,643.098741
1,dis_TRINITY_DN6436_c0_g2,146.511733
8,dis_TRINITY_DN6440_c0_g3,126
8,dis_TRINITY_DN6443_c0_g1,671.321838
8,dis_TRINITY_DN6444_c0_g3,128.308395
8,dis_TRINITY_DN6446_c0_g5,127.260336
1,dis_TRINITY_DN6450_c0_g1,628.876528
1,dis_TRINITY_DN6453_c0_g1,1019.430713
7,dis_TRINITY_DN6456_c0_g2,177.719316
5,dis_TRINITY_DN6458_c1_g1,245.509041
1,dis_TRINITY_DN6460_c0_g1,138.352314
7,dis_TRINITY_DN6466_c0_g1,3648.725968
3,dis_TRINITY_DN6467_c0_g1,774.161936
1,dis_TRINITY_DN6472_c0_g2,164.815485
1,dis_TRINITY_DN6472_c0_g6,138.711824
8,dis_TRINITY_DN648_c0_g1,166.604011
8,dis_TRINITY_DN648_c0_g2,132.031615
8,dis_TRINITY_DN6480_c0_g1,158.104836
1,dis_TRINITY_DN6488_c0_g1,269.20741699999996
1,dis_TRINITY_DN6489_c0_g4,197.730282
1,dis_TRINITY_DN649_c0_g1,180.48186
1,dis_TRINITY_DN649_c0_g2,131.364262
1,dis_TRINITY_DN649_c0_g5,128.993886
8,dis_TRINITY_DN6515_c0_g2,1722.490238
8,dis_TRINITY_DN6527_c0_g4,170.765757
8,dis_TRINITY_DN6547_c0_g1,138.752207
8,dis_TRINITY_DN6547_c0_g2,159.890486
1,dis_TRINITY_DN6561_c0_g1,144.030506
1,dis_TRINITY_DN6571_c0_g2,518.8084779999999
1,dis_TRINITY_DN6579_c0_g1,565.452325
1,dis_TRINITY_DN6579_c0_g2,127.9399
7,dis_TRINITY_DN658_c0_g1,735.555491
7,dis_TRINITY_DN6587_c0_g1,464.824008
8,dis_TRINITY_DN659_c0_g1,138.946754
1,dis_TRINITY_DN6593_c0_g1,127.734342
8,dis_TRINITY_DN6618_c0_g1,133.360308
8,dis_TRINITY_DN6619_c0_g1,214.618228
7,dis_TRINITY_DN6629_c0_g2,137.513805
1,dis_TRINITY_DN6633_c0_g2,285.142163
1,dis_TRINITY_DN6633_c0_g3,720.427322
7,dis_TRINITY_DN664_c0_g3,126
2,dis_TRINITY_DN6641_c0_g1,187.545363
8,dis_TRINITY_DN6644_c0_g1,161.188962
8,dis_TRINITY_DN6648_c0_g1,655.032462
1,dis_TRINITY_DN6653_c0_g1,269.518754
8,dis_TRINITY_DN6660_c0_g1,300.50773100000004
1,dis_TRINITY_DN6666_c0_g1,134.208906
1,dis_TRINITY_DN6668_c0_g1,129.9524
1,dis_TRINITY_DN6712_c0_g3,135.400658
8,dis_TRINITY_DN6715_c0_g1,149.472673
1,dis_TRINITY_DN6724_c0_g2,172.563054
2,dis_TRINITY_DN6729_c0_g1,134.514785
8,dis_TRINITY_DN6731_c0_g1,143.513766
6,dis_TRINITY_DN6733_c0_g2,1126.9438249999998
1,dis_TRINITY_DN6734_c0_g1,130.481559
2,dis_TRINITY_DN6743_c0_g2,128.762691
1,dis_TRINITY_DN676_c0_g1,142.195508
1,dis_TRINITY_DN677_c0_g1,241.09455
2,dis_TRINITY_DN6770_c0_g1,136.64273
8,dis_TRINITY_DN6790_c0_g1,147.505021
1,dis_TRINITY_DN6816_c0_g1,126.454816
7,dis_TRINITY_DN6825_c0_g1,996.161305
1,dis_TRINITY_DN6827_c0_g1,168.297908
8,dis_TRINITY_DN683_c0_g3,136.624716
8,dis_TRINITY_DN6834_c0_g1,126
7,dis_TRINITY_DN684_c0_g1,127.070922
1,dis_TRINITY_DN6840_c0_g1,147.797959
2,dis_TRINITY_DN6840_c0_g2,159.70891
2,dis_TRINITY_DN686_c0_g3,135.773904
2,dis_TRINITY_DN6872_c0_g1,339.742416
1,dis_TRINITY_DN689_c0_g2,165.83049
1,dis_TRINITY_DN6893_c0_g1,335.508025
1,dis_TRINITY_DN6897_c0_g5,129.310038
8,dis_TRINITY_DN690_c0_g2,127.105706
1,dis_TRINITY_DN6913_c0_g1,454.889474
7,dis_TRINITY_DN6917_c0_g1,203.308056
1,dis_TRINITY_DN6918_c0_g1,143.4842
7,dis_TRINITY_DN6924_c0_g1,131.455434
3,dis_TRINITY_DN694_c0_g3,233.907812
8,dis_TRINITY_DN6940_c0_g2,161.705358
7,dis_TRINITY_DN6945_c1_g1,162.085968
1,dis_TRINITY_DN6947_c1_g2,136.084483
8,dis_TRINITY_DN6953_c0_g1,130.519121
8,dis_TRINITY_DN6961_c0_g1,137.524802
1,dis_TRINITY_DN6980_c0_g4,136.476647
1,dis_TRINITY_DN6981_c0_g1,178.041083
7,dis_TRINITY_DN6996_c0_g1,126.541341
8,dis_TRINITY_DN7001_c0_g1,454.444722
7,dis_TRINITY_DN7020_c0_g1,159.899813
8,dis_TRINITY_DN7042_c0_g1,252.510918
8,dis_TRINITY_DN705_c0_g1,254.165818
1,dis_TRINITY_DN7058_c0_g2,142.616401
1,dis_TRINITY_DN7065_c0_g3,135.886622
7,dis_TRINITY_DN7080_c0_g2,128.653663
1,dis_TRINITY_DN7081_c0_g3,134.676273
5,dis_TRINITY_DN7085_c0_g1,127.020154
8,dis_TRINITY_DN7087_c0_g3,201.247023
1,dis_TRINITY_DN7095_c0_g1,156.068363
8,dis_TRINITY_DN7097_c0_g2,2275.760552
8,dis_TRINITY_DN7125_c0_g1,180.774426
8,dis_TRINITY_DN7134_c0_g1,201.120775
1,dis_TRINITY_DN7139_c0_g1,134.084843
1,dis_TRINITY_DN7158_c0_g1,140.688232
1,dis_TRINITY_DN7174_c0_g1,262.62758199999996
1,dis_TRINITY_DN7193_c0_g1,140.328743
7,dis_TRINITY_DN7195_c0_g1,165.969469
8,dis_TRINITY_DN72_c0_g2,628.1464040000001
1,dis_TRINITY_DN720_c0_g1,474.897352
8,dis_TRINITY_DN7202_c0_g1,349.127511
8,dis_TRINITY_DN7202_c0_g3,127.102532
7,dis_TRINITY_DN7203_c0_g2,319.516787
8,dis_TRINITY_DN7204_c0_g1,518.969762
8,dis_TRINITY_DN7205_c0_g1,197.16645
4,dis_TRINITY_DN7207_c0_g1,137.127954
1,dis_TRINITY_DN7218_c0_g1,196.478456
8,dis_TRINITY_DN725_c0_g1,130.65394
1,dis_TRINITY_DN7250_c1_g1,227.413392
1,dis_TRINITY_DN726_c0_g2,245.896306
8,dis_TRINITY_DN7267_c0_g1,4312.35646
1,dis_TRINITY_DN7271_c0_g1,126.340855
7,dis_TRINITY_DN7284_c0_g3,160.302027
1,dis_TRINITY_DN7295_c0_g1,132.992191
8,dis_TRINITY_DN7301_c0_g2,325.57912699999997
1,dis_TRINITY_DN732_c0_g1,154.186229
1,dis_TRINITY_DN7327_c0_g1,141.217835
8,dis_TRINITY_DN7332_c0_g2,193.463823
2,dis_TRINITY_DN7358_c0_g1,138.017023
1,dis_TRINITY_DN7361_c0_g1,127.214583
8,dis_TRINITY_DN7370_c0_g2,126
8,dis_TRINITY_DN7416_c0_g1,149.465255
8,dis_TRINITY_DN7416_c0_g2,149.916769
7,dis_TRINITY_DN7427_c0_g1,163.655714
8,dis_TRINITY_DN7429_c0_g4,136.96832
1,dis_TRINITY_DN743_c0_g1,150.972042
8,dis_TRINITY_DN7430_c0_g1,140.826769
7,dis_TRINITY_DN7433_c0_g1,133.415728
1,dis_TRINITY_DN744_c0_g4,151.318639
1,dis_TRINITY_DN7443_c0_g1,461.228364
7,dis_TRINITY_DN7447_c1_g5,131.564633
1,dis_TRINITY_DN7468_c0_g1,191.770957
1,dis_TRINITY_DN7469_c0_g3,134.062491
8,dis_TRINITY_DN7471_c0_g1,184.184131
8,dis_TRINITY_DN7473_c0_g3,216.073548
1,dis_TRINITY_DN7480_c0_g1,130.024735
6,dis_TRINITY_DN7507_c2_g2,391.654878
1,dis_TRINITY_DN7519_c0_g6,131.82929
1,dis_TRINITY_DN7527_c0_g3,142.226194
8,dis_TRINITY_DN7529_c0_g1,139.703627
8,dis_TRINITY_DN7529_c0_g5,126.497573
6,dis_TRINITY_DN7550_c0_g1,132.356338
8,dis_TRINITY_DN7578_c0_g1,140.61601
1,dis_TRINITY_DN7589_c0_g1,126.487888
1,dis_TRINITY_DN7609_c0_g1,144.152696
7,dis_TRINITY_DN762_c0_g1,2497.174876
1,dis_TRINITY_DN7657_c0_g1,480.175569
1,dis_TRINITY_DN7667_c0_g2,128.6187
4,dis_TRINITY_DN7668_c0_g1,1131.796056
1,dis_TRINITY_DN767_c0_g1,170.217484
7,dis_TRINITY_DN7694_c0_g2,218.419109
1,dis_TRINITY_DN7697_c0_g5,154.660219
7,dis_TRINITY_DN77_c0_g1,127.39969
5,dis_TRINITY_DN7701_c0_g1,180.115787
1,dis_TRINITY_DN7714_c0_g1,374.485672
1,dis_TRINITY_DN7727_c0_g1,180.493843
7,dis_TRINITY_DN7746_c0_g2,127.453985
8,dis_TRINITY_DN7749_c0_g1,143.20181
8,dis_TRINITY_DN775_c0_g3,1580.53248
7,dis_TRINITY_DN7757_c0_g1,404.538682
1,dis_TRINITY_DN7777_c0_g1,143.644245
7,dis_TRINITY_DN7779_c0_g1,172.031269
8,dis_TRINITY_DN7788_c0_g1,144.780676
7,dis_TRINITY_DN7791_c0_g5,263.64095299999997
8,dis_TRINITY_DN7809_c0_g1,148.771697
1,dis_TRINITY_DN7820_c0_g1,145.446386
1,dis_TRINITY_DN7823_c0_g3,186.596294
8,dis_TRINITY_DN7823_c0_g4,127.100576
1,dis_TRINITY_DN7824_c0_g1,137.724603
8,dis_TRINITY_DN7824_c0_g4,649.9413
7,dis_TRINITY_DN7833_c0_g2,127.345671
6,dis_TRINITY_DN7880_c0_g1,278.622098
1,dis_TRINITY_DN7883_c0_g2,128.364706
7,dis_TRINITY_DN7885_c0_g4,128.462249
1,dis_TRINITY_DN7888_c0_g2,255.929009
7,dis_TRINITY_DN7893_c0_g1,777.979892
8,dis_TRINITY_DN7893_c0_g5,192.896304
8,dis_TRINITY_DN79_c0_g1,141.878139
1,dis_TRINITY_DN7901_c0_g3,457.918964
8,dis_TRINITY_DN7901_c0_g5,458.25905
1,dis_TRINITY_DN7909_c0_g5,168.0488
8,dis_TRINITY_DN7912_c0_g4,152.672553
1,dis_TRINITY_DN7917_c1_g1,305.079297
1,dis_TRINITY_DN7940_c0_g1,137.621217
1,dis_TRINITY_DN79584_c0_g1,1188.245383
7,dis_TRINITY_DN796_c14_g1,138.154608
5,dis_TRINITY_DN797_c0_g1,129.52454
8,dis_TRINITY_DN7983_c0_g1,146.160752
4,dis_TRINITY_DN79967_c0_g1,210.973924
1,dis_TRINITY_DN8000_c0_g1,651.446822
1,dis_TRINITY_DN801_c0_g2,160.517612
7,dis_TRINITY_DN801_c0_g3,332.033654
1,dis_TRINITY_DN8013_c0_g2,315.637718
1,dis_TRINITY_DN8036_c0_g1,135.652709
1,dis_TRINITY_DN8041_c0_g2,136.888413
7,dis_TRINITY_DN8042_c0_g1,127.557792
8,dis_TRINITY_DN8053_c0_g1,132.307556
1,dis_TRINITY_DN8066_c0_g1,137.146421
1,dis_TRINITY_DN8069_c0_g1,170.486988
1,dis_TRINITY_DN8072_c0_g2,263.58846900000003
7,dis_TRINITY_DN8081_c0_g1,128.506192
5,dis_TRINITY_DN8085_c0_g3,700.5479
8,dis_TRINITY_DN81_c0_g1,130.607939
4,dis_TRINITY_DN81_c0_g3,133.512384
1,dis_TRINITY_DN8105_c0_g3,160.821382
8,dis_TRINITY_DN8109_c0_g1,138.403317
1,dis_TRINITY_DN8111_c0_g1,134.533752
1,dis_TRINITY_DN8115_c0_g1,184.458262
1,dis_TRINITY_DN8116_c0_g2,153.771425
8,dis_TRINITY_DN8117_c0_g2,136.769854
8,dis_TRINITY_DN8122_c0_g2,353.732595
2,dis_TRINITY_DN8125_c0_g3,147.565382
8,dis_TRINITY_DN8148_c0_g1,136.611591
8,dis_TRINITY_DN8156_c0_g5,186.077988
1,dis_TRINITY_DN8159_c0_g3,156.22726
1,dis_TRINITY_DN8169_c0_g1,424.88334
7,dis_TRINITY_DN8171_c0_g1,415.670249
8,dis_TRINITY_DN8171_c0_g3,127.796463
8,dis_TRINITY_DN8176_c0_g1,177.336033
8,dis_TRINITY_DN8197_c0_g1,149.011054
7,dis_TRINITY_DN8250_c0_g1,126
1,dis_TRINITY_DN8272_c0_g2,2309.544266
1,dis_TRINITY_DN8278_c0_g1,178.61808
1,dis_TRINITY_DN8289_c0_g2,450.311028
1,dis_TRINITY_DN82952_c0_g1,126
1,dis_TRINITY_DN83_c0_g3,4741.156044
1,dis_TRINITY_DN8303_c0_g1,133.207456
1,dis_TRINITY_DN8305_c0_g1,304.967019
1,dis_TRINITY_DN832_c0_g1,126.43411
7,dis_TRINITY_DN8344_c0_g2,219.699306
2,dis_TRINITY_DN836_c0_g2,224.035003
8,dis_TRINITY_DN8368_c0_g1,133.078633
1,dis_TRINITY_DN8369_c0_g1,175.317973
8,dis_TRINITY_DN8371_c0_g2,152.643567
8,dis_TRINITY_DN8371_c0_g4,130.673492
7,dis_TRINITY_DN8395_c0_g1,398.004579
8,dis_TRINITY_DN8399_c0_g1,164.621997
7,dis_TRINITY_DN8403_c0_g1,127.326161
8,dis_TRINITY_DN8403_c0_g4,130.302354
1,dis_TRINITY_DN8405_c0_g2,159.929014
1,dis_TRINITY_DN843_c0_g1,525.113879
5,dis_TRINITY_DN8433_c0_g1,566.82402
1,dis_TRINITY_DN8433_c0_g4,144.357254
1,dis_TRINITY_DN8437_c0_g3,270.608879
1,dis_TRINITY_DN8467_c0_g1,727.902868
1,dis_TRINITY_DN8469_c0_g1,129.287378
1,dis_TRINITY_DN8475_c0_g2,1212.12844
1,dis_TRINITY_DN8479_c0_g1,129.477894
1,dis_TRINITY_DN8488_c0_g2,154.484154
1,dis_TRINITY_DN8489_c0_g1,139.341288
8,dis_TRINITY_DN852_c0_g1,137.962402
6,dis_TRINITY_DN8526_c0_g1,156.518001
7,dis_TRINITY_DN8542_c1_g2,141.924325
1,dis_TRINITY_DN8554_c0_g2,494.714741
8,dis_TRINITY_DN8563_c0_g4,136.031605
8,dis_TRINITY_DN8567_c0_g1,139.868366
8,dis_TRINITY_DN8589_c0_g4,160.788317
2,dis_TRINITY_DN8592_c0_g6,134.568082
6,dis_TRINITY_DN8603_c0_g1,485.397359
8,dis_TRINITY_DN8608_c0_g1,348.523861
8,dis_TRINITY_DN8627_c0_g1,129.530043
1,dis_TRINITY_DN8632_c0_g1,130.299059
1,dis_TRINITY_DN8637_c0_g1,149.181711
1,dis_TRINITY_DN8662_c0_g1,133.275412
8,dis_TRINITY_DN8687_c0_g1,133.725332
1,dis_TRINITY_DN8711_c0_g1,164.081439
8,dis_TRINITY_DN8735_c0_g4,140.597582
7,dis_TRINITY_DN8737_c0_g1,165.859827
1,dis_TRINITY_DN8742_c0_g1,127.027932
8,dis_TRINITY_DN8750_c0_g2,144.23084
7,dis_TRINITY_DN8750_c0_g3,134.464143
1,dis_TRINITY_DN8766_c0_g1,156.077573
1,dis_TRINITY_DN8768_c0_g1,178.403393
1,dis_TRINITY_DN8776_c0_g1,305.556265
1,dis_TRINITY_DN8778_c0_g1,179.595681
7,dis_TRINITY_DN879_c0_g1,149.30339
4,dis_TRINITY_DN8792_c0_g1,8159.465981
1,dis_TRINITY_DN8797_c0_g1,179.92718
8,dis_TRINITY_DN8816_c0_g3,159.585547
2,dis_TRINITY_DN8821_c0_g1,127.913899
2,dis_TRINITY_DN8846_c0_g1,132.801165
2,dis_TRINITY_DN8856_c0_g1,137.585137
1,dis_TRINITY_DN887_c0_g4,287.283138
1,dis_TRINITY_DN8879_c0_g1,232.896503
1,dis_TRINITY_DN8884_c0_g6,141.363746
1,dis_TRINITY_DN8891_c0_g1,141.003703
1,dis_TRINITY_DN8902_c0_g1,207.226636
1,dis_TRINITY_DN8917_c0_g1,244.012342
3,dis_TRINITY_DN892_c0_g2,141.550159
1,dis_TRINITY_DN8929_c0_g1,143.849455
1,dis_TRINITY_DN893_c0_g1,186.740231
1,dis_TRINITY_DN8936_c0_g1,801.592949
2,dis_TRINITY_DN895_c0_g1,158.129007
2,dis_TRINITY_DN89532_c0_g1,155.735068
8,dis_TRINITY_DN8960_c0_g1,168.674719
8,dis_TRINITY_DN89700_c0_g1,194.240813
2,dis_TRINITY_DN8988_c0_g2,203.592614
8,dis_TRINITY_DN8988_c0_g3,145.242033
8,dis_TRINITY_DN9015_c0_g2,136.406574
1,dis_TRINITY_DN90181_c0_g1,151.016763
1,dis_TRINITY_DN9026_c0_g1,331.414588
8,dis_TRINITY_DN9028_c0_g1,126
1,dis_TRINITY_DN9035_c0_g2,882.012145
7,dis_TRINITY_DN9039_c0_g2,516.3748860000001
1,dis_TRINITY_DN9048_c0_g1,174.296919
8,dis_TRINITY_DN9057_c0_g2,131.07741
8,dis_TRINITY_DN9060_c0_g2,233.315422
1,dis_TRINITY_DN907_c1_g2,134.900481
1,dis_TRINITY_DN9096_c0_g2,130.084705
1,dis_TRINITY_DN9096_c0_g4,600.09332
1,dis_TRINITY_DN9101_c0_g2,126
8,dis_TRINITY_DN9111_c0_g1,303.404649
8,dis_TRINITY_DN9116_c0_g1,181.345949
8,dis_TRINITY_DN9124_c0_g1,137.903042
1,dis_TRINITY_DN9126_c0_g1,618.303993
8,dis_TRINITY_DN9126_c0_g2,148.273554
1,dis_TRINITY_DN9139_c0_g4,143.10168
1,dis_TRINITY_DN9139_c0_g5,158.709191
1,dis_TRINITY_DN9144_c0_g2,129.938021
1,dis_TRINITY_DN9155_c0_g3,169.90098
1,dis_TRINITY_DN9161_c0_g2,3846.380113
7,dis_TRINITY_DN9166_c0_g1,152.522849
8,dis_TRINITY_DN9179_c0_g1,129.386157
1,dis_TRINITY_DN920_c2_g4,147.797867
8,dis_TRINITY_DN9202_c0_g2,145.037039
7,dis_TRINITY_DN921_c0_g1,140.761016
8,dis_TRINITY_DN9228_c0_g2,130.607834
8,dis_TRINITY_DN9239_c0_g2,306.937292
8,dis_TRINITY_DN9245_c0_g2,135.39869
1,dis_TRINITY_DN9248_c0_g1,151.854468
7,dis_TRINITY_DN9258_c0_g1,160.275514
8,dis_TRINITY_DN926_c0_g1,172.544007
7,dis_TRINITY_DN926_c0_g3,126
8,dis_TRINITY_DN9264_c0_g1,141.499787
1,dis_TRINITY_DN9268_c0_g1,267.957756
1,dis_TRINITY_DN9308_c0_g1,263.711878
1,dis_TRINITY_DN9309_c0_g1,225.701327
8,dis_TRINITY_DN931_c0_g2,356.875536
1,dis_TRINITY_DN9311_c0_g1,127.981454
1,dis_TRINITY_DN9318_c0_g1,174.590824
8,dis_TRINITY_DN937_c0_g1,243.621567
1,dis_TRINITY_DN9371_c0_g1,148.716878
1,dis_TRINITY_DN9374_c0_g1,292.71058800000003
1,dis_TRINITY_DN9379_c0_g5,140.552015
1,dis_TRINITY_DN9400_c0_g1,642.71855
1,dis_TRINITY_DN9402_c0_g2,137.20981
1,dis_TRINITY_DN9411_c0_g1,160.512881
8,dis_TRINITY_DN942_c0_g1,135.927393
2,dis_TRINITY_DN9420_c0_g1,308.763832
1,dis_TRINITY_DN9421_c0_g3,450.587167
1,dis_TRINITY_DN9451_c0_g1,157.050546
1,dis_TRINITY_DN9451_c0_g2,9665.733587
2,dis_TRINITY_DN9464_c0_g1,328.26355
8,dis_TRINITY_DN9467_c1_g1,143.158509
1,dis_TRINITY_DN951_c0_g2,224.077606
1,dis_TRINITY_DN9510_c0_g3,316.44908
8,dis_TRINITY_DN9525_c0_g1,126.969457
8,dis_TRINITY_DN9567_c0_g5,126.05654
8,dis_TRINITY_DN9570_c0_g2,187.162123
1,dis_TRINITY_DN959_c1_g1,126
7,dis_TRINITY_DN9597_c0_g4,152.024359
7,dis_TRINITY_DN9601_c0_g1,173.160222
1,dis_TRINITY_DN961_c0_g1,153.731574
8,dis_TRINITY_DN9613_c0_g7,130.176302
7,dis_TRINITY_DN9619_c0_g1,126.731771
8,dis_TRINITY_DN963_c0_g1,371.416281
1,dis_TRINITY_DN9633_c0_g1,275.49879799999997
1,dis_TRINITY_DN9639_c0_g1,173.474945
8,dis_TRINITY_DN9639_c0_g2,128.19171
1,dis_TRINITY_DN9642_c0_g2,220.002401
8,dis_TRINITY_DN9668_c0_g1,219.205146
1,dis_TRINITY_DN9753_c0_g1,577.182249
7,dis_TRINITY_DN9771_c0_g1,4488.324821
8,dis_TRINITY_DN9783_c0_g1,166.153651
8,dis_TRINITY_DN9809_c0_g2,143.046797
8,dis_TRINITY_DN9816_c0_g1,200.350644
1,dis_TRINITY_DN9837_c0_g3,1456.203278
1,dis_TRINITY_DN9851_c0_g2,247.114139
1,dis_TRINITY_DN9894_c0_g1,156.862885
1,dis_TRINITY_DN99_c0_g1,137.615812
8,dis_TRINITY_DN990_c0_g1,126.565785
2,dis_TRINITY_DN9926_c0_g1,126.391997
1,dis_TRINITY_DN994_c0_g1,214.278631
8,dis_TRINITY_DN9955_c0_g4,132.761504
1,dis_TRINITY_DN9960_c0_g1,174.392877
8,dis_TRINITY_DN9966_c0_g1,157.002969
8,dis_TRINITY_DN9971_c0_g1,252.921852
